<BuildResults>
  <myReasonForBuild>
    <myReason>Manual build</myReason>
  </myReasonForBuild>
  <myBuildState>
    <myState>Failed</myState>
  </myBuildState>
  <myBuildErrors class="com.atlassian.bamboo.collections.message.FinalArrayList">
    <string></string>
    <string>MSBUILD : error MSB1009: Project file does not exist.</string>
  </myBuildErrors>
  <myBuildNumber>28</myBuildNumber>
  <myBuildDate>1567849346983</myBuildDate>
  <myBuildDuration>180</myBuildDuration>
  <mySuccessfulTestResults class="empty-list"/>
</BuildResults>