<BuildResults>
  <myReasonForBuild>
    <myReason>Manual build</myReason>
  </myReasonForBuild>
  <myBuildState>
    <myState>Failed</myState>
  </myBuildState>
  <myBuildErrors class="com.atlassian.bamboo.collections.message.FinalArrayList">
    <string></string>
    <string>MSBUILD : error MSB1008: Only one project can be specified.</string>
  </myBuildErrors>
  <myBuildNumber>44</myBuildNumber>
  <myBuildDate>1568009076197</myBuildDate>
  <myBuildDuration>156</myBuildDuration>
  <mySuccessfulTestResults class="empty-list"/>
</BuildResults>