<BuildResults>
  <myReasonForBuild>
    <myReason>Manual build</myReason>
  </myReasonForBuild>
  <myBuildState>
    <myState>Failed</myState>
  </myBuildState>
  <myBuildErrors class="com.atlassian.bamboo.collections.message.FinalArrayList">
    <string>The system cannot find the path specified.</string>
  </myBuildErrors>
  <myBuildNumber>45</myBuildNumber>
  <myBuildDate>1568010162521</myBuildDate>
  <myBuildDuration>378</myBuildDuration>
  <mySuccessfulTestResults class="empty-list"/>
</BuildResults>