<BuildResults>
  <myReasonForBuild>
    <myReason>Manual build</myReason>
  </myReasonForBuild>
  <myBuildState>
    <myState>Failed</myState>
  </myBuildState>
  <myBuildErrors class="com.atlassian.bamboo.collections.message.FinalArrayList">
    <string></string>
    <string>MSBUILD : error MSB1022: Response file does not exist.</string>
  </myBuildErrors>
  <myBuildNumber>18</myBuildNumber>
  <myBuildDate>1567763701319</myBuildDate>
  <myBuildDuration>132</myBuildDuration>
  <mySuccessfulTestResults class="empty-list"/>
</BuildResults>