<BuildResults>
  <myReasonForBuild>
    <myReason>Manual build</myReason>
  </myReasonForBuild>
  <myBuildState>
    <myState>Failed</myState>
  </myBuildState>
  <myBuildErrors class="com.atlassian.bamboo.collections.message.FinalArrayList">
    <string></string>
    <string>Unhandled Exception: System.TypeLoadException: Could not load type &apos;System.Runtime.InteropServices.OSPlatform&apos; from assembly &apos;mscorlib, Version=4.0.0.0, Culture=neutral, PublicKeyToken=b77a5c561934e089&apos;.</string>
    <string>   at Microsoft.Build.Shared.BuildEnvironmentHelper.get_Instance()</string>
    <string>   at Microsoft.Build.Utilities.Traits.get_Instance()</string>
    <string>   at Microsoft.Build.CommandLine.MSBuildApp.Execute(String commandLine)</string>
    <string>   at Microsoft.Build.CommandLine.MSBuildApp.Main()</string>
    <string>Force Stop build feature is enabled for current plan. Either Bamboo has detected the build has hung or it has been manually stopped.</string>
    <string>Beginning to execute external process for build &apos;Ansible_dotnet - ansibledotnetplan - Default Job #50 (AND-AND-JOB1-50)&apos;\n ... running command line: \nC:\Program Files (x86)\Microsoft Visual Studio\2019\Community\MSBuild\Current\Bin\MSBuild.exe @C:\Users\ADMINI~1\AppData\Local\Temp\2\AND-AND-JOB1-50-MsBuildTaskType-5623281346667621359.rsp\n ... in: C:\Users\Administrator\bamboo-agent-home\xml-data\build-dir\AND-AND-JOB1\n ... using extra environment variables: \nbamboo_planRepository_1_branch=master\nbamboo_planRepository_1_branchDisplayName=master\nbamboo_repository_revision_number=74ba26ce097d3a699f09ca3850c7fc6aba9603a2\nbamboo_resultsUrl=http://192.168.2.22:8085/browse/AND-AND-JOB1-50\nbamboo_capability_system_builder_msbuild_MSBuild_v4_0__32bit_=C:\windows\Microsoft.NET\Framework64\v4.0.30319\MSBuild.exe\nbamboo_build_working_directory=C:\Users\Administrator\bamboo-agent-home\xml-data\build-dir\AND-AND-JOB1\nbamboo_planRepository_1_name=ansible\nbamboo_buildKey=AND-AND-JOB1\nbamboo_repository_5373954_git_repositoryUrl=ssh://git@192.168.2.13:7999/an/ansible_dotnet.git\nbamboo_shortPlanName=ansibledotnetplan\nbamboo_planRepository_name=ansible\nbamboo_buildNumber=50\nbamboo_shortJobName=Default Job\nbamboo_buildResultsUrl=http://192.168.2.22:8085/browse/AND-AND-JOB1-50\nbamboo_planRepository_repositoryUrl=ssh://git@192.168.2.13:7999/an/ansible_dotnet.git\nbamboo_agentId=5799937\nbamboo_repository_5373954_previous_revision_number=74ba26ce097d3a699f09ca3850c7fc6aba9603a2\nbamboo_planName=Ansible_dotnet - ansibledotnetplan\nbamboo_shortPlanKey=AND\nbamboo_repository_5373954_git_branch=master\nbamboo_shortJobKey=JOB1\nbamboo_planRepository_revision=74ba26ce097d3a699f09ca3850c7fc6aba9603a2\nbamboo_buildTimeStamp=2019-09-09T14:46:25.841+05:30\nbamboo_repository_previous_revision_number=74ba26ce097d3a699f09ca3850c7fc6aba9603a2\nbamboo_build_commandline_com_atlassian_bamboo_plugins_scripttask_task_builder_script_3=C:\Users\Administrator\bamboo-agent-home\temp\AND-AND-JOB1-50-ScriptBuildTask-8623263998153488742.bat\nbamboo_planRepository_previousRevision=74ba26ce097d3a699f09ca3850c7fc6aba9603a2\nbamboo_capability_system_jdk_JDK_1_8_0_221=C:\Program Files\Java\jdk1.8.0_221\nbamboo_repository_git_branch=master\nbamboo_buildResultKey=AND-AND-JOB1-50\nbamboo_repository_branch_name=master\nbamboo_buildPlanName=Ansible_dotnet - ansibledotnetplan - Default Job\nbamboo_planRepository_1_revision=74ba26ce097d3a699f09ca3850c7fc6aba9603a2\nbamboo_repository_name=ansible\nbamboo_repository_5373954_name=ansible\nbamboo_dependenciesDisabled=false\nbamboo_buildFailed=false\nbamboo_repository_5373954_revision_number=74ba26ce097d3a699f09ca3850c7fc6aba9603a2\nbamboo_planRepository_branch=master\nbamboo_agentWorkingDirectory=C:\Users\Administrator\bamboo-agent-home\xml-data\build-dir\nbamboo_capability_system_git_executable=C:\Program Files\Git\cmd\git.exe\nbamboo_repository_git_username=\nbamboo_planRepository_1_previousRevision=74ba26ce097d3a699f09ca3850c7fc6aba9603a2\nbamboo_planRepository_branchDisplayName=master\nbamboo_planRepository_1_type=bbserver\nbamboo_planRepository_branchName=master\nbamboo_repository_5373954_git_username=\nbamboo_capability_system_jdk_JDK=C:\Program Files\Java\jdk1.8.0_221\nbamboo_plan_storageTag=plan-5406721\nbamboo_hg_cache_directory=C:\Users\Administrator\bamboo-agent-home\xml-data\build-dir\_hg-repositories-cache\nbamboo_planRepository_1_username=\nbamboo_planRepository_type=bbserver\nbamboo_git_cache_directory=C:\Users\Administrator\bamboo-agent-home\xml-data\build-dir\_git-repositories-cache\nbamboo_ManualBuildTriggerReason_userName=bamboo\nbamboo_repository_git_repositoryUrl=ssh://git@192.168.2.13:7999/an/ansible_dotnet.git\nbamboo_capability_system_builder_msbuild_MSBuild_v4_0__64bit_=C:\Program Files (x86)\Microsoft Visual Studio\2019\Community\MSBuild\Current\Bin\MSBuild.exe\nbamboo_tmp_directory=C:\Users\Administrator\bamboo-agent-home\temp\nbamboo_working_directory=C:\Users\Administrator\bamboo-agent-home\xml-data\build-dir\AND-AND-JOB1\nbamboo_planKey=AND-AND\nbamboo_planRepository_1_repositoryUrl=ssh://git@192.168.2.13:7999/an/ansible_dotnet.git\nbamboo_planRepository_username=\nbamboo_capability_system_jdk_JDK_1_8=C:\Program Files\Java\jdk1.8.0_221\nbamboo_repository_5373954_branch_name=master\nbamboo_planRepository_1_branchName=master\n</string>
    <string>MSBUILD : error MSB1025: An internal failure occurred while running MSBuild.</string>
  </myBuildErrors>
  <myBuildNumber>50</myBuildNumber>
  <myBuildDate>1568020587752</myBuildDate>
  <myBuildDuration>1213700</myBuildDuration>
  <mySuccessfulTestResults class="empty-list"/>
</BuildResults>