<BuildResults>
  <myReasonForBuild>
    <myReason>Manual build</myReason>
  </myReasonForBuild>
  <myBuildState>
    <myState>Failed</myState>
  </myBuildState>
  <myBuildErrors class="com.atlassian.bamboo.collections.message.FinalArrayList">
    <string>Project &quot;C:\Users\Administrator\bamboo-agent-home\xml-data\build-dir\AND-AND-JOB1\zippyops.sln&quot; (1) is building &quot;C:\Users\Administrator\bamboo-agent-home\xml-data\build-dir\AND-AND-JOB1\zippyops\zippyops.vbproj&quot; (2) on node 1 (default targets).</string>
    <string>C:\Users\Administrator\bamboo-agent-home\xml-data\build-dir\AND-AND-JOB1\zippyops\zippyops.vbproj(427,3): error MSB4019: The imported project &quot;C:\Program Files (x86)\MSBuild\Microsoft\VisualStudio\v11.0\WebApplications\Microsoft.WebApplication.targets&quot; was not found. Confirm that the path in the &lt;Import&gt; declaration is correct, and that the file exists on disk.</string>
    <string>&quot;C:\Users\Administrator\bamboo-agent-home\xml-data\build-dir\AND-AND-JOB1\zippyops\zippyops.vbproj&quot; (default target) (2) -&gt;</string>
    <string>  C:\Users\Administrator\bamboo-agent-home\xml-data\build-dir\AND-AND-JOB1\zippyops\zippyops.vbproj(427,3): error MSB4019: The imported project &quot;C:\Program Files (x86)\MSBuild\Microsoft\VisualStudio\v11.0\WebApplications\Microsoft.WebApplication.targets&quot; was not found. Confirm that the path in the &lt;Import&gt; declaration is correct, and that the file exists on disk.</string>
  </myBuildErrors>
  <myBuildNumber>71</myBuildNumber>
  <myBuildDate>1568103807712</myBuildDate>
  <myBuildDuration>2418</myBuildDuration>
  <mySuccessfulTestResults class="empty-list"/>
</BuildResults>