<BuildResults>
  <myReasonForBuild>
    <myReason>Manual build</myReason>
  </myReasonForBuild>
  <myBuildState>
    <myState>Failed</myState>
  </myBuildState>
  <myBuildErrors class="com.atlassian.bamboo.collections.message.FinalArrayList">
    <string>Unable to find executable at C:\Program Files (x86)\MSBuild\Microsoft\VisualStudio\v11.0\WebApplications\Microsoft.WebApplication.targets. Will try to run it anyway.</string>
  </myBuildErrors>
  <myBuildNumber>12</myBuildNumber>
  <myBuildDate>1567762856147</myBuildDate>
  <myBuildDuration>191</myBuildDuration>
  <mySuccessfulTestResults class="empty-list"/>
</BuildResults>