<BuildResults>
  <myReasonForBuild>
    <myReason>Manual build</myReason>
  </myReasonForBuild>
  <myBuildState>
    <myState>Failed</myState>
  </myBuildState>
  <myBuildErrors class="com.atlassian.bamboo.collections.message.FinalArrayList">
    <string></string>
    <string>MSBUILD : error MSB1009: Project file does not exist.</string>
  </myBuildErrors>
  <myBuildNumber>3</myBuildNumber>
  <myBuildDate>1567760589563</myBuildDate>
  <myBuildDuration>2709</myBuildDuration>
  <mySuccessfulTestResults class="empty-list"/>
</BuildResults>