<BuildResults>
  <myReasonForBuild>
    <myReason>Manual build</myReason>
  </myReasonForBuild>
  <myBuildState>
    <myState>Failed</myState>
  </myBuildState>
  <myBuildErrors class="com.atlassian.bamboo.collections.message.FinalArrayList">
    <string>/var/atlassian/application/bamboo/temp/AND-AND-JOB1-57-ScriptBuildTask-1210917274785619490.sh: line 1: C:\ProgramData\chocolatey\bin\nuget.exe: command not found</string>
  </myBuildErrors>
  <myBuildNumber>57</myBuildNumber>
  <myBuildDate>1568030475029</myBuildDate>
  <myBuildDuration>128</myBuildDuration>
  <mySuccessfulTestResults class="empty-list"/>
</BuildResults>