<BuildResults>
  <myReasonForBuild>
    <myReason>Manual build</myReason>
  </myReasonForBuild>
  <myBuildState>
    <myState>Failed</myState>
  </myBuildState>
  <myBuildErrors class="com.atlassian.bamboo.collections.message.FinalArrayList">
    <string>C:\Users\Administrator\bamboo-agent-home\xml-data\build-dir\AND-AND-JOB1\zippyops\zippyops.vbproj(427,11): error MSB4226: The imported project &quot;C:\Program Files (x86)\Microsoft Visual Studio\2017\BuildTools\MSBuild\Microsoft\VisualStudio\v15.0\WebApplications\Microsoft.WebApplication.targets&quot; was not found. Also, tried to find &quot;WebApplications\Microsoft.WebApplication.targets&quot; in the fallback search path(s) for $(VSToolsPath) - &quot;C:\Program Files (x86)\MSBuild\Microsoft\VisualStudio\v15.0&quot; . These search paths are defined in &quot;C:\Program Files (x86)\Microsoft Visual Studio\2017\BuildTools\MSBuild\15.0\bin\msbuild.exe.Config&quot;. Confirm that the path in the &lt;Import&gt; declaration is correct, and that the file exists on disk in one of the search paths.</string>
    <string></string>
  </myBuildErrors>
  <myBuildNumber>61</myBuildNumber>
  <myBuildDate>1568031399723</myBuildDate>
  <myBuildDuration>2034</myBuildDuration>
  <mySuccessfulTestResults class="empty-list"/>
</BuildResults>