<BuildResults>
  <myReasonForBuild>
    <myReason>Manual build</myReason>
  </myReasonForBuild>
  <myBuildState>
    <myState>Failed</myState>
  </myBuildState>
  <myBuildErrors class="com.atlassian.bamboo.collections.message.FinalArrayList">
    <string>&apos;ssh&apos; is not recognized as an internal or external command,</string>
    <string>operable program or batch file.</string>
  </myBuildErrors>
  <myBuildNumber>83</myBuildNumber>
  <myBuildDate>1568189340814</myBuildDate>
  <myBuildDuration>8569</myBuildDuration>
  <mySuccessfulTestResults class="empty-list"/>
</BuildResults>