<BuildResults>
  <myReasonForBuild>
    <myReason>Manual build</myReason>
  </myReasonForBuild>
  <myBuildState>
    <myState>Failed</myState>
  </myBuildState>
  <myBuildErrors class="com.atlassian.bamboo.collections.message.FinalArrayList">
    <string>/usr/lib/python2.7/site-packages/requests/__init__.py:91: RequestsDependencyWarning: urllib3 (1.10.2) or chardet (2.2.1) doesn&apos;t match a supported version!</string>
    <string>  RequestsDependencyWarning)</string>
    <string>/usr/lib/python2.7/site-packages/requests/__init__.py:91: RequestsDependencyWarning: urllib3 (1.10.2) or chardet (2.2.1) doesn&apos;t match a supported version!</string>
    <string>  RequestsDependencyWarning)</string>
    <string>/usr/lib/python2.7/site-packages/requests/__init__.py:91: RequestsDependencyWarning: urllib3 (1.10.2) or chardet (2.2.1) doesn&apos;t match a supported version!</string>
    <string>  RequestsDependencyWarning)</string>
    <string>/usr/lib/python2.7/site-packages/requests/__init__.py:91: RequestsDependencyWarning: urllib3 (1.10.2) or chardet (2.2.1) doesn&apos;t match a supported version!</string>
    <string>  RequestsDependencyWarning)</string>
    <string>/usr/lib/python2.7/site-packages/requests/__init__.py:91: RequestsDependencyWarning: urllib3 (1.10.2) or chardet (2.2.1) doesn&apos;t match a supported version!</string>
    <string>  RequestsDependencyWarning)</string>
    <string>ERROR! Syntax Error while loading YAML.</string>
    <string>  did not find expected key</string>
    <string></string>
    <string>The error appears to be in &apos;/etc/ansible/workspace/Ansible-php-wordpress-playbook/ubuntu.yml&apos;: line 68, column 33, but may</string>
    <string>be elsewhere in the file depending on the exact syntax problem.</string>
    <string></string>
    <string>The offending line appears to be:</string>
    <string></string>
    <string>      dest: /var/www/html</string>
    <string>    when: ansible_os_family == &quot;Debian&quot;</string>
    <string>                                ^ here</string>
  </myBuildErrors>
  <myBuildNumber>11</myBuildNumber>
  <myBuildDate>1565433585145</myBuildDate>
  <myBuildDuration>664</myBuildDuration>
  <mySuccessfulTestResults class="empty-list"/>
</BuildResults>