<BuildResults>
  <myReasonForBuild>
    <myReason>Initial clean build</myReason>
  </myReasonForBuild>
  <myBuildState>
    <myState>Successful</myState>
  </myBuildState>
  <myBuildErrors class="com.atlassian.bamboo.collections.message.FinalArrayList">
    <string>Could not find test result reports in the /var/atlassian/application/bamboo/xml-data/build-dir/CHEF-CHEF-JOB1 directory.</string>
  </myBuildErrors>
  <myBuildNumber>1</myBuildNumber>
  <myBuildDate>1565178494925</myBuildDate>
  <myBuildDuration>2844</myBuildDuration>
  <mySuccessfulTestResults/>
</BuildResults>