<BuildResults>
  <myReasonForBuild>
    <myReason>Manual build</myReason>
  </myReasonForBuild>
  <myBuildState>
    <myState>Failed</myState>
  </myBuildState>
  <myBuildErrors class="com.atlassian.bamboo.collections.message.FinalArrayList">
    <string>Uploading iis            [7.2.0]</string>
    <string>Uploading dotnetframework [2.0.0]</string>
    <string>Uploaded 2 cookbooks.</string>
    <string>WARNING: No knife configuration file found</string>
    <string>WARN: Failed to read the private key /etc/chef/client.pem: #&lt;Errno::ENOENT: No such file or directory @ rb_sysopen - /etc/chef/client.pem&gt;</string>
    <string>ERROR: Your private key could not be loaded from /etc/chef/client.pem</string>
    <string>Check your configuration file and ensure that your private key is readable</string>
    <string>Traceback (most recent call last):</string>
    <string>  File &quot;/var/atlassian/application/bamboo/temp/CHEFDW-CHEF-JOB1-5-ScriptBuildTask-8782129621127918836.sh&quot;, line 4, in &lt;module&gt;</string>
    <string>    r = s.run_cmd(&apos;chef-client&apos;)</string>
    <string>  File &quot;/usr/lib/python2.7/site-packages/winrm/__init__.py&quot;, line 37, in run_cmd</string>
    <string>    shell_id = self.protocol.open_shell()</string>
    <string>  File &quot;/usr/lib/python2.7/site-packages/winrm/protocol.py&quot;, line 157, in open_shell</string>
    <string>    res = self.send_message(xmltodict.unparse(req))</string>
    <string>  File &quot;/usr/lib/python2.7/site-packages/winrm/protocol.py&quot;, line 234, in send_message</string>
    <string>    resp = self.transport.send_message(message)</string>
    <string>  File &quot;/usr/lib/python2.7/site-packages/winrm/transport.py&quot;, line 256, in send_message</string>
    <string>    response = self._send_message_request(prepared_request, message)</string>
    <string>  File &quot;/usr/lib/python2.7/site-packages/winrm/transport.py&quot;, line 261, in _send_message_request</string>
    <string>    response = self.session.send(prepared_request, timeout=self.read_timeout_sec)</string>
    <string>  File &quot;/usr/lib/python2.7/site-packages/requests/sessions.py&quot;, line 646, in send</string>
    <string>    r = adapter.send(request, **kwargs)</string>
    <string>  File &quot;/usr/lib/python2.7/site-packages/requests/adapters.py&quot;, line 516, in send</string>
    <string>    raise ConnectionError(e, request=request)</string>
    <string>requests.exceptions.ConnectionError: HTTPConnectionPool(host=&apos;bamboochefwindowsdotnet.zippyops.com&apos;, port=5985): Max retries exceeded with url: /wsman (Caused by NewConnectionError(&apos;&lt;urllib3.connection.HTTPConnection object at 0x7fbc8a69bed0&gt;: Failed to establish a new connection: [Errno -2] Name or service not known&apos;,))</string>
  </myBuildErrors>
  <myBuildNumber>5</myBuildNumber>
  <myBuildDate>1570629232318</myBuildDate>
  <myBuildDuration>18900</myBuildDuration>
  <mySuccessfulTestResults class="empty-list"/>
</BuildResults>