<BuildResults>
  <myReasonForBuild>
    <myReason>Manual build</myReason>
  </myReasonForBuild>
  <myBuildState>
    <myState>Successful</myState>
  </myBuildState>
  <myBuildErrors class="com.atlassian.bamboo.collections.message.FinalArrayList">
    <string>Uploading iis            [7.2.0]</string>
    <string>Uploading dotnetframework [2.0.0]</string>
    <string>Uploaded 2 cookbooks.</string>
  </myBuildErrors>
  <myBuildNumber>3</myBuildNumber>
  <myBuildDate>1570628960780</myBuildDate>
  <myBuildDuration>21348</myBuildDuration>
  <mySuccessfulTestResults class="empty-list"/>
</BuildResults>