<BuildResults>
  <myReasonForBuild>
    <myReason>Manual build</myReason>
  </myReasonForBuild>
  <myBuildState>
    <myState>Failed</myState>
  </myBuildState>
  <myBuildErrors class="com.atlassian.bamboo.collections.message.FinalArrayList">
    <string>/var/atlassian/application/bamboo/temp/CHW-CHW-JOB1-8-ScriptBuildTask-4194857756873320262.sh: line 1: import: command not found</string>
    <string>/var/atlassian/application/bamboo/temp/CHW-CHW-JOB1-8-ScriptBuildTask-4194857756873320262.sh: line 2: syntax error near unexpected token `(&apos;</string>
    <string>/var/atlassian/application/bamboo/temp/CHW-CHW-JOB1-8-ScriptBuildTask-4194857756873320262.sh: line 2: `s = winrm.Session(&apos;bamboochefwindowsjava.zippyops.com&apos;, auth=(&apos;demo&apos;, &apos;2!ppy0ps&apos;))&apos;</string>
  </myBuildErrors>
  <myBuildNumber>8</myBuildNumber>
  <myBuildDate>1569931639502</myBuildDate>
  <myBuildDuration>28</myBuildDuration>
  <mySuccessfulTestResults class="empty-list"/>
</BuildResults>