<BuildResults>
  <myReasonForBuild>
    <myReason>Dependency build</myReason>
  </myReasonForBuild>
  <myBuildState>
    <myState>Failed</myState>
  </myBuildState>
  <myBuildErrors class="com.atlassian.bamboo.collections.message.FinalArrayList">
    <string>&lt;&lt; was unexpected at this time.</string>
  </myBuildErrors>
  <myBuildNumber>5</myBuildNumber>
  <myBuildDate>1569842619948</myBuildDate>
  <myBuildDuration>157</myBuildDuration>
  <mySuccessfulTestResults class="empty-list"/>
</BuildResults>