<BuildResults>
  <myReasonForBuild>
    <myReason>Manual build</myReason>
  </myReasonForBuild>
  <myBuildState>
    <myState>Successful</myState>
  </myBuildState>
  <myBuildErrors class="com.atlassian.bamboo.collections.message.FinalArrayList">
    <string>Creating new client for Bamboo_chef_java_centos</string>
    <string>Creating new node for Bamboo_chef_java_centos</string>
    <string>Connecting to bamboochefcentosjava.zippyops.com</string>
    <string>Creating new client for Bamboo_chef_java_ubuntu</string>
    <string>Creating new node for Bamboo_chef_java_ubuntu</string>
    <string>Connecting to bamboochefubuntujava.zippyops.com</string>
    <string>Creating new client for Bamboo_chef_java_windows</string>
    <string>Creating new node for Bamboo_chef_java_windows</string>
    <string>Remote node responded after 0.09 minutes.</string>
    <string>Bootstrapping Chef on bamboochefwindowsjava.zippyops.com</string>
  </myBuildErrors>
  <myBuildNumber>9</myBuildNumber>
  <myBuildDate>1569917454808</myBuildDate>
  <myBuildDuration>956686</myBuildDuration>
  <mySuccessfulTestResults class="empty-list"/>
</BuildResults>