<BuildResults>
  <myReasonForBuild>
    <myReason>Manual build</myReason>
  </myReasonForBuild>
  <myBuildState>
    <myState>Failed</myState>
  </myBuildState>
  <myBuildErrors class="com.atlassian.bamboo.collections.message.FinalArrayList">
    <string>ERROR: EOFError: end of file reached</string>
  </myBuildErrors>
  <myBuildNumber>20</myBuildNumber>
  <myBuildDate>1570540547043</myBuildDate>
  <myBuildDuration>8102</myBuildDuration>
  <mySuccessfulTestResults class="empty-list"/>
</BuildResults>