<BuildResults>
  <myReasonForBuild>
    <myReason>Dependency build</myReason>
  </myReasonForBuild>
  <myBuildState>
    <myState>Failed</myState>
  </myBuildState>
  <myBuildErrors class="com.atlassian.bamboo.collections.message.FinalArrayList">
    <string>ERROR: EOFError: end of file reached</string>
  </myBuildErrors>
  <myBuildNumber>7</myBuildNumber>
  <myBuildDate>1569909986893</myBuildDate>
  <myBuildDuration>5067</myBuildDuration>
  <mySuccessfulTestResults class="empty-list"/>
</BuildResults>