<BuildResults>
  <myReasonForBuild>
    <myReason>Manual build</myReason>
  </myReasonForBuild>
  <myBuildState>
    <myState>Failed</myState>
  </myBuildState>
  <myBuildErrors class="com.atlassian.bamboo.collections.message.FinalArrayList">
    <string>Creating new client for Bamboo_chef_java_centos</string>
    <string>Creating new node for Bamboo_chef_java_centos</string>
    <string>Connecting to bamboochefcentosjava.zippyops.com</string>
    <string>Creating new client for Bamboo_chef_java_ubuntu</string>
    <string>Creating new node for Bamboo_chef_java_ubuntu</string>
    <string>Connecting to bamboochefubuntujava.zippyops.com</string>
    <string>Creating new client for Bamboo_chef_java_windows</string>
    <string>Creating new node for Bamboo_chef_java_windows</string>
    <string>Remote node responded after 0.11 minutes.</string>
    <string>Bootstrapping Chef on bamboochefwindowsjava.zippyops.com</string>
    <string>ERROR: Failed to execute command on bamboochefwindowsjava.zippyops.com return code 1</string>
    <string>ERROR: Bootstrap command returned 1</string>
  </myBuildErrors>
  <myBuildNumber>11</myBuildNumber>
  <myBuildDate>1569924824628</myBuildDate>
  <myBuildDuration>964804</myBuildDuration>
  <mySuccessfulTestResults class="empty-list"/>
</BuildResults>