<BuildResults>
  <myReasonForBuild>
    <myReason>Manual build</myReason>
  </myReasonForBuild>
  <myBuildState>
    <myState>Successful</myState>
  </myBuildState>
  <myBuildErrors class="com.atlassian.bamboo.collections.message.FinalArrayList">
    <string>Creating new client for Bamboo_chefjavac</string>
    <string>Creating new node for Bamboo_chefjavac</string>
    <string>Connecting to bamboochefcentosjava.zippyops.com</string>
    <string>Creating new client for Bamboo_chefjavau</string>
    <string>Creating new node for Bamboo_chefjavau</string>
    <string>Connecting to bamboochefubuntujava.zippyops.com</string>
    <string>Creating new client for Bamboo_chefjavaw</string>
    <string>Creating new node for Bamboo_chefjavaw</string>
    <string>Remote node responded after 0.17 minutes.</string>
    <string>Bootstrapping Chef on bamboochefwindowsjava.zippyops.com</string>
  </myBuildErrors>
  <myBuildNumber>23</myBuildNumber>
  <myBuildDate>1570692703180</myBuildDate>
  <myBuildDuration>494084</myBuildDuration>
  <mySuccessfulTestResults class="empty-list"/>
</BuildResults>