<BuildResults>
  <myReasonForBuild>
    <myReason>Manual build</myReason>
  </myReasonForBuild>
  <myBuildState>
    <myState>Failed</myState>
  </myBuildState>
  <myBuildErrors class="com.atlassian.bamboo.collections.message.FinalArrayList">
    <string>Creating new client for Bamboo_chefjavac</string>
    <string>Creating new node for Bamboo_chefjavac</string>
    <string>Connecting to bamboochefcentosjava.zippyops.com</string>
    <string>ERROR: EOFError: end of file reached</string>
  </myBuildErrors>
  <myBuildNumber>29</myBuildNumber>
  <myBuildDate>1572876634837</myBuildDate>
  <myBuildDuration>19033</myBuildDuration>
  <mySuccessfulTestResults class="empty-list"/>
</BuildResults>