<BuildResults>
  <myReasonForBuild>
    <myReason>Manual build</myReason>
  </myReasonForBuild>
  <myBuildState>
    <myState>Successful</myState>
  </myBuildState>
  <myBuildErrors class="com.atlassian.bamboo.collections.message.FinalArrayList">
    <string>Creating new client for Bamboo_chefjavac</string>
    <string>Creating new node for Bamboo_chefjavac</string>
    <string>Connecting to bamboochefcentosjava.zippyops.com</string>
    <string>Creating new client for Bamboo_chefjavau</string>
    <string>Creating new node for Bamboo_chefjavau</string>
    <string>Connecting to bamboochefubuntujava.zippyops.com</string>
    <string>#&lt;Thread:0x0000000006afb9e0@/opt/chefdk/embedded/lib/ruby/gems/2.5.0/gems/logging-2.2.2/lib/logging/diagnostic_context.rb:471 run&gt; terminated with exception (report_on_exception is true):</string>
    <string>/opt/chefdk/embedded/lib/ruby/2.5.0/socket.rb:227:in `getaddrinfo&apos;: getaddrinfo: Name or service not known (SocketError)</string>
    <string>	from /opt/chefdk/embedded/lib/ruby/2.5.0/socket.rb:227:in `foreach&apos;</string>
    <string>	from /opt/chefdk/embedded/lib/ruby/2.5.0/socket.rb:631:in `tcp&apos;</string>
    <string>	from /opt/chefdk/embedded/lib/ruby/gems/2.5.0/gems/net-ssh-4.2.0/lib/net/ssh/transport/session.rb:70:in `initialize&apos;</string>
    <string>	from /opt/chefdk/embedded/lib/ruby/gems/2.5.0/gems/net-ssh-4.2.0/lib/net/ssh.rb:237:in `new&apos;</string>
    <string>	from /opt/chefdk/embedded/lib/ruby/gems/2.5.0/gems/net-ssh-4.2.0/lib/net/ssh.rb:237:in `start&apos;</string>
    <string>	from /opt/chefdk/embedded/lib/ruby/gems/2.5.0/gems/net-ssh-multi-1.2.1/lib/net/ssh/multi/server.rb:186:in `new_session&apos;</string>
    <string>	from /opt/chefdk/embedded/lib/ruby/gems/2.5.0/gems/net-ssh-multi-1.2.1/lib/net/ssh/multi/session.rb:488:in `next_session&apos;</string>
    <string>	from /opt/chefdk/embedded/lib/ruby/gems/2.5.0/gems/net-ssh-multi-1.2.1/lib/net/ssh/multi/server.rb:138:in `session&apos;</string>
    <string>	from /opt/chefdk/embedded/lib/ruby/gems/2.5.0/gems/net-ssh-multi-1.2.1/lib/net/ssh/multi/session_actions.rb:36:in `block (2 levels) in sessions&apos;</string>
    <string>	from /opt/chefdk/embedded/lib/ruby/gems/2.5.0/gems/logging-2.2.2/lib/logging/diagnostic_context.rb:474:in `block in create_with_logging_context&apos;</string>
    <string>ERROR: Network Error: getaddrinfo: Name or service not known</string>
    <string>Check your knife configuration and network settings</string>
    <string>Creating new client for Bamboo_chefjavaw</string>
    <string>Creating new node for Bamboo_chefjavaw</string>
    <string>Remote node responded after 0.0 minutes.</string>
    <string>Bootstrapping Chef on bamboochefwindowsjava.zippyops.com</string>
  </myBuildErrors>
  <myBuildNumber>19</myBuildNumber>
  <myBuildDate>1570539946805</myBuildDate>
  <myBuildDuration>93069</myBuildDuration>
  <mySuccessfulTestResults class="empty-list"/>
</BuildResults>