<BuildResults>
  <myReasonForBuild>
    <myReason>Manual build</myReason>
  </myReasonForBuild>
  <myBuildState>
    <myState>Failed</myState>
  </myBuildState>
  <myBuildErrors class="com.atlassian.bamboo.collections.message.FinalArrayList">
    <string>ERROR: EOFError: end of file reached</string>
  </myBuildErrors>
  <myBuildNumber>10</myBuildNumber>
  <myBuildDate>1569924767187</myBuildDate>
  <myBuildDuration>5051</myBuildDuration>
  <mySuccessfulTestResults class="empty-list"/>
</BuildResults>