<BuildResults>
  <myReasonForBuild>
    <myReason>Manual build</myReason>
  </myReasonForBuild>
  <myBuildState>
    <myState>Failed</myState>
  </myBuildState>
  <myBuildErrors class="com.atlassian.bamboo.collections.message.FinalArrayList">
    <string>Unable to find executable at cd $bamboo.build.working.directory &amp; zip -r nodejs1.zip * || true. Will try to run it anyway.</string>
  </myBuildErrors>
  <myBuildNumber>5</myBuildNumber>
  <myBuildDate>1565171482273</myBuildDate>
  <myBuildDuration>8</myBuildDuration>
  <mySuccessfulTestResults class="empty-list"/>
</BuildResults>