<BuildResults>
  <myReasonForBuild>
    <myReason>Manual build</myReason>
  </myReasonForBuild>
  <myBuildState>
    <myState>Failed</myState>
  </myBuildState>
  <myBuildErrors class="com.atlassian.bamboo.collections.message.FinalArrayList">
    <string>@@@@@@@@@@@@@@@@@@@@@@@@@@@@@@@@@@@@@@@@@@@@@@@@@@@@@@@@@@@</string>
    <string>@    WARNING: REMOTE HOST IDENTIFICATION HAS CHANGED!     @</string>
    <string>@@@@@@@@@@@@@@@@@@@@@@@@@@@@@@@@@@@@@@@@@@@@@@@@@@@@@@@@@@@</string>
    <string>IT IS POSSIBLE THAT SOMEONE IS DOING SOMETHING NASTY!</string>
    <string>Someone could be eavesdropping on you right now (man-in-the-middle attack)!</string>
    <string>It is also possible that a host key has just been changed.</string>
    <string>The fingerprint for the RSA key sent by the remote host is</string>
    <string>SHA256:I0fqSc42DAoFPOVrOMUXCWTS05Q+XLVNDm7WZDuTBsQ.</string>
    <string>Please contact your system administrator.</string>
    <string>Add correct host key in /home/bamboo/.ssh/known_hosts to get rid of this message.</string>
    <string>Offending RSA key in /home/bamboo/.ssh/known_hosts:1</string>
    <string>Password authentication is disabled to avoid man-in-the-middle attacks.</string>
    <string>Keyboard-interactive authentication is disabled to avoid man-in-the-middle attacks.</string>
    <string>@@@@@@@@@@@@@@@@@@@@@@@@@@@@@@@@@@@@@@@@@@@@@@@@@@@@@@@@@@@</string>
    <string>@    WARNING: REMOTE HOST IDENTIFICATION HAS CHANGED!     @</string>
    <string>@@@@@@@@@@@@@@@@@@@@@@@@@@@@@@@@@@@@@@@@@@@@@@@@@@@@@@@@@@@</string>
    <string>IT IS POSSIBLE THAT SOMEONE IS DOING SOMETHING NASTY!</string>
    <string>Someone could be eavesdropping on you right now (man-in-the-middle attack)!</string>
    <string>It is also possible that a host key has just been changed.</string>
    <string>The fingerprint for the RSA key sent by the remote host is</string>
    <string>SHA256:I0fqSc42DAoFPOVrOMUXCWTS05Q+XLVNDm7WZDuTBsQ.</string>
    <string>Please contact your system administrator.</string>
    <string>Add correct host key in /home/bamboo/.ssh/known_hosts to get rid of this message.</string>
    <string>Offending RSA key in /home/bamboo/.ssh/known_hosts:1</string>
    <string>Password authentication is disabled to avoid man-in-the-middle attacks.</string>
    <string>Keyboard-interactive authentication is disabled to avoid man-in-the-middle attacks.</string>
    <string>@@@@@@@@@@@@@@@@@@@@@@@@@@@@@@@@@@@@@@@@@@@@@@@@@@@@@@@@@@@</string>
    <string>@    WARNING: REMOTE HOST IDENTIFICATION HAS CHANGED!     @</string>
    <string>@@@@@@@@@@@@@@@@@@@@@@@@@@@@@@@@@@@@@@@@@@@@@@@@@@@@@@@@@@@</string>
    <string>IT IS POSSIBLE THAT SOMEONE IS DOING SOMETHING NASTY!</string>
    <string>Someone could be eavesdropping on you right now (man-in-the-middle attack)!</string>
    <string>It is also possible that a host key has just been changed.</string>
    <string>The fingerprint for the RSA key sent by the remote host is</string>
    <string>SHA256:I0fqSc42DAoFPOVrOMUXCWTS05Q+XLVNDm7WZDuTBsQ.</string>
    <string>Please contact your system administrator.</string>
    <string>Add correct host key in /home/bamboo/.ssh/known_hosts to get rid of this message.</string>
    <string>Offending RSA key in /home/bamboo/.ssh/known_hosts:1</string>
    <string>Password authentication is disabled to avoid man-in-the-middle attacks.</string>
    <string>Keyboard-interactive authentication is disabled to avoid man-in-the-middle attacks.</string>
  </myBuildErrors>
  <myBuildNumber>19</myBuildNumber>
  <myBuildDate>1567514597587</myBuildDate>
  <myBuildDuration>737899</myBuildDuration>
  <mySuccessfulTestResults class="empty-list"/>
</BuildResults>