<BuildResults>
  <myReasonForBuild>
    <myReason>Manual build</myReason>
  </myReasonForBuild>
  <myBuildState>
    <myState>Failed</myState>
  </myBuildState>
  <myBuildErrors class="com.atlassian.bamboo.collections.message.FinalArrayList">
    <string>Unable to find executable at cd /var/atlassian/application/bamboo/xml-data/build-dir/ANN-AN-JOB1 &amp; zip -r nodejs1.zip * || true. Will try to run it anyway.</string>
  </myBuildErrors>
  <myBuildNumber>6</myBuildNumber>
  <myBuildDate>1565171555671</myBuildDate>
  <myBuildDuration>11</myBuildDuration>
  <mySuccessfulTestResults class="empty-list"/>
</BuildResults>