<BuildResults>
  <myReasonForBuild>
    <myReason>Manual build</myReason>
  </myReasonForBuild>
  <myBuildState>
    <myState>Failed</myState>
  </myBuildState>
  <myBuildErrors class="com.atlassian.bamboo.collections.message.FinalArrayList">
    <string>Unable to find executable at ${bamboo.build.working.directory}. Will try to run it anyway.</string>
  </myBuildErrors>
  <myBuildNumber>3</myBuildNumber>
  <myBuildDate>1565170289309</myBuildDate>
  <myBuildDuration>17</myBuildDuration>
  <mySuccessfulTestResults class="empty-list"/>
</BuildResults>