<BuildResults>
  <myReasonForBuild>
    <myReason>Manual build</myReason>
  </myReasonForBuild>
  <myBuildState>
    <myState>Failed</myState>
  </myBuildState>
  <myBuildErrors class="com.atlassian.bamboo.collections.message.FinalArrayList">
    <string>Unable to find executable at cd $bamboo.build.working.directory zip -r nodejs1.zip * || true. Will try to run it anyway.</string>
  </myBuildErrors>
  <myBuildNumber>4</myBuildNumber>
  <myBuildDate>1565170862271</myBuildDate>
  <myBuildDuration>9</myBuildDuration>
  <mySuccessfulTestResults class="empty-list"/>
</BuildResults>