<BuildResults>
  <myReasonForBuild>
    <myReason>Manual build</myReason>
  </myReasonForBuild>
  <myBuildState>
    <myState>Unknown</myState>
  </myBuildState>
  <myBuildErrors class="com.atlassian.bamboo.collections.message.FinalArrayList">
    <string> [WARNING]: Chocolatey was missing from this system, so it was installed during</string>
    <string>this task run.</string>
    <string>Build was manually stopped.</string>
  </myBuildErrors>
  <myBuildNumber>15</myBuildNumber>
  <myBuildDate>1565595452837</myBuildDate>
  <myBuildDuration>3830330</myBuildDuration>
  <mySuccessfulTestResults class="empty-list"/>
</BuildResults>