<BuildResults>
  <myReasonForBuild>
    <myReason>Manual build</myReason>
  </myReasonForBuild>
  <myBuildState>
    <myState>Successful</myState>
  </myBuildState>
  <myBuildErrors class="com.atlassian.bamboo.collections.message.FinalArrayList">
    <string> [WARNING]: conditional statements should not include jinja2 templating</string>
    <string>delimiters such as {{ }} or {% %}. Found:</string>
    <string>item.find(&quot;oracle.install.engine.release.version={{ wls_version }}&quot;) != -1</string>
  </myBuildErrors>
  <myBuildNumber>4</myBuildNumber>
  <myBuildDate>1569403751979</myBuildDate>
  <myBuildDuration>50775</myBuildDuration>
  <mySuccessfulTestResults class="empty-list"/>
</BuildResults>