<BuildResults>
  <myReasonForBuild>
    <myReason>Code has changed</myReason>
  </myReasonForBuild>
  <myBuildState>
    <myState>Successful</myState>
  </myBuildState>
  <myBuildErrors class="com.atlassian.bamboo.collections.message.FinalArrayList">
    <string>/usr/lib/python2.7/site-packages/requests/__init__.py:91: RequestsDependencyWarning: urllib3 (1.24.1) or chardet (2.2.1) doesn&apos;t match a supported version!</string>
    <string>  RequestsDependencyWarning)</string>
    <string>ERROR! Syntax Error while loading YAML.</string>
    <string>  did not find expected key</string>
    <string></string>
    <string>The error appears to be in &apos;/etc/ansible/workspace/java-app/tasks/tomcatubuntu.yml&apos;: line 96, column 7, but may</string>
    <string>be elsewhere in the file depending on the exact syntax problem.</string>
    <string></string>
    <string>The offending line appears to be:</string>
    <string></string>
    <string>       url: &quot;http://192.168.2.5:8081/artifactory/Bamboo-Ansible-java/newapp-0.0.1-SNAPSHOT.war&quot;</string>
    <string>      dest: &quot;/opt/tomcat/apache-tomcat-9.0.1/webapps&quot;</string>
    <string>      ^ here</string>
  </myBuildErrors>
  <myBuildNumber>23</myBuildNumber>
  <myBuildDate>1565419148074</myBuildDate>
  <myBuildDuration>899</myBuildDuration>
  <mySuccessfulTestResults class="empty-list"/>
</BuildResults>