<BuildResults>
  <myReasonForBuild>
    <myReason>Manual build</myReason>
  </myReasonForBuild>
  <myBuildState>
    <myState>Successful</myState>
  </myBuildState>
  <myBuildErrors class="com.atlassian.bamboo.collections.message.FinalArrayList">
    <string>/usr/lib/python2.7/site-packages/requests/__init__.py:91: RequestsDependencyWarning: urllib3 (1.10.2) or chardet (2.2.1) doesn&apos;t match a supported version!</string>
    <string>  RequestsDependencyWarning)</string>
    <string>/usr/lib/python2.7/site-packages/requests/__init__.py:91: RequestsDependencyWarning: urllib3 (1.10.2) or chardet (2.2.1) doesn&apos;t match a supported version!</string>
    <string>  RequestsDependencyWarning)</string>
    <string>/usr/lib/python2.7/site-packages/requests/__init__.py:91: RequestsDependencyWarning: urllib3 (1.10.2) or chardet (2.2.1) doesn&apos;t match a supported version!</string>
    <string>  RequestsDependencyWarning)</string>
    <string>/usr/lib/python2.7/site-packages/requests/__init__.py:91: RequestsDependencyWarning: urllib3 (1.10.2) or chardet (2.2.1) doesn&apos;t match a supported version!</string>
    <string>  RequestsDependencyWarning)</string>
    <string>/usr/lib/python2.7/site-packages/requests/__init__.py:91: RequestsDependencyWarning: urllib3 (1.10.2) or chardet (2.2.1) doesn&apos;t match a supported version!</string>
    <string>  RequestsDependencyWarning)</string>
    <string>/usr/lib/python2.7/site-packages/requests/__init__.py:91: RequestsDependencyWarning: urllib3 (1.10.2) or chardet (2.2.1) doesn&apos;t match a supported version!</string>
    <string>  RequestsDependencyWarning)</string>
    <string>Permission denied (publickey).</string>
  </myBuildErrors>
  <myBuildNumber>35</myBuildNumber>
  <myBuildDate>1565430750260</myBuildDate>
  <myBuildDuration>72048</myBuildDuration>
  <mySuccessfulTestResults class="empty-list"/>
</BuildResults>