<BuildResults>
  <myReasonForBuild>
    <myReason>Manual build</myReason>
  </myReasonForBuild>
  <myBuildState>
    <myState>Successful</myState>
  </myBuildState>
  <myBuildErrors class="com.atlassian.bamboo.collections.message.FinalArrayList">
    <string>Warning: Permanently added &apos;192.168.2.12&apos; (ECDSA) to the list of known hosts.</string>
  </myBuildErrors>
  <myBuildNumber>41</myBuildNumber>
  <myBuildDate>1565586388025</myBuildDate>
  <myBuildDuration>680678</myBuildDuration>
  <mySuccessfulTestResults class="empty-list"/>
</BuildResults>