<BuildResults>
  <myReasonForBuild>
    <myReason>Dependency build</myReason>
  </myReasonForBuild>
  <myBuildState>
    <myState>Unknown</myState>
  </myBuildState>
  <myBuildErrors class="com.atlassian.bamboo.collections.message.FinalArrayList">
    <string>Build was manually stopped.</string>
  </myBuildErrors>
  <myBuildNumber>18</myBuildNumber>
  <myBuildDate>1573194656531</myBuildDate>
  <myBuildDuration>1070053</myBuildDuration>
  <mySuccessfulTestResults class="empty-list"/>
</BuildResults>