<BuildResults>
  <myReasonForBuild>
    <myReason>Dependency build</myReason>
  </myReasonForBuild>
  <myBuildState>
    <myState>Unknown</myState>
  </myBuildState>
  <myBuildErrors class="com.atlassian.bamboo.collections.message.FinalArrayList">
    <string>Build was manually stopped.</string>
  </myBuildErrors>
  <myBuildNumber>14</myBuildNumber>
  <myBuildDate>1571400022043</myBuildDate>
  <myBuildDuration>1176780</myBuildDuration>
  <mySuccessfulTestResults class="empty-list"/>
</BuildResults>