<BuildResults>
  <myReasonForBuild>
    <myReason>Manual build</myReason>
  </myReasonForBuild>
  <myBuildState>
    <myState>Failed</myState>
  </myBuildState>
  <myBuildErrors class="com.atlassian.bamboo.collections.message.FinalArrayList">
    <string>Warning: Permanently added &apos;192.168.2.7&apos; (ECDSA) to the list of known hosts.</string>
    <string>Permission denied, please try again.</string>
    <string>Permission denied, please try again.</string>
    <string>Permission denied (publickey,gssapi-keyex,gssapi-with-mic,password).</string>
  </myBuildErrors>
  <myBuildNumber>1</myBuildNumber>
  <myBuildDate>1570712861379</myBuildDate>
  <myBuildDuration>110</myBuildDuration>
  <mySuccessfulTestResults class="empty-list"/>
</BuildResults>