<BuildResults>
  <myReasonForBuild>
    <myReason>Manual build</myReason>
  </myReasonForBuild>
  <myBuildState>
    <myState>Failed</myState>
  </myBuildState>
  <myBuildErrors class="com.atlassian.bamboo.collections.message.FinalArrayList">
    <string>Error:</string>
    <string>    Could not find certificate request for puppetcentosbamboojava.zippyops.com</string>
    <string>Error:</string>
    <string>    Could not find certificate request for puppetubuntubamboojava.zippyops.com</string>
    <string>Error:</string>
    <string>    Could not find certificate request for bamboo-puppet-j.openstacklocal</string>
  </myBuildErrors>
  <myBuildNumber>4</myBuildNumber>
  <myBuildDate>1570770612447</myBuildDate>
  <myBuildDuration>478</myBuildDuration>
  <mySuccessfulTestResults class="empty-list"/>
</BuildResults>