<BuildResults>
  <myReasonForBuild>
    <myReason>Dependency build</myReason>
  </myReasonForBuild>
  <myBuildState>
    <myState>Failed</myState>
  </myBuildState>
  <myBuildErrors class="com.atlassian.bamboo.collections.message.FinalArrayList">
    <string>ssh: connect to host bamboochefwindowsphp.zippyops.com port 22: Connection refused</string>
  </myBuildErrors>
  <myBuildNumber>1</myBuildNumber>
  <myBuildDate>1570608669573</myBuildDate>
  <myBuildDuration>24</myBuildDuration>
  <mySuccessfulTestResults class="empty-list"/>
</BuildResults>