<BuildResults>
  <myReasonForBuild>
    <myReason>Manual build</myReason>
  </myReasonForBuild>
  <myBuildState>
    <myState>Failed</myState>
  </myBuildState>
  <myBuildErrors class="com.atlassian.bamboo.collections.message.FinalArrayList">
    <string> [WARNING]: Module remote_tmp /tmp/ansible-weblogic did not exist and was</string>
    <string>created with a mode of 0700, this may cause issues when running as another</string>
    <string>user. To avoid this, create the remote_tmp dir with the correct permissions</string>
    <string>manually</string>
  </myBuildErrors>
  <myBuildNumber>9</myBuildNumber>
  <myBuildDate>1573109566714</myBuildDate>
  <myBuildDuration>762959</myBuildDuration>
  <mySuccessfulTestResults class="empty-list"/>
</BuildResults>