<BuildResults>
  <myReasonForBuild>
    <myReason>Code has changed</myReason>
  </myReasonForBuild>
  <myBuildState>
    <myState>Failed</myState>
  </myBuildState>
  <myBuildErrors class="com.atlassian.bamboo.collections.message.FinalArrayList">
    <string>ERROR! the playbook: tasks/tomcatcentos.yml could not be found</string>
  </myBuildErrors>
  <myBuildNumber>31</myBuildNumber>
  <myBuildDate>1565424778548</myBuildDate>
  <myBuildDuration>627</myBuildDuration>
  <mySuccessfulTestResults class="empty-list"/>
</BuildResults>