<BuildResults>
  <myReasonForBuild>
    <myReason>Manual build</myReason>
  </myReasonForBuild>
  <myBuildState>
    <myState>Failed</myState>
  </myBuildState>
  <myBuildErrors class="com.atlassian.bamboo.collections.message.FinalArrayList">
    <string>Permission denied (publickey,gssapi-keyex,gssapi-with-mic).</string>
  </myBuildErrors>
  <myBuildNumber>2</myBuildNumber>
  <myBuildDate>1568201066734</myBuildDate>
  <myBuildDuration>122</myBuildDuration>
  <mySuccessfulTestResults class="empty-list"/>
</BuildResults>