<BuildResults>
  <myReasonForBuild>
    <myReason>Manual build</myReason>
  </myReasonForBuild>
  <myBuildState>
    <myState>Failed</myState>
  </myBuildState>
  <myBuildErrors class="com.atlassian.bamboo.collections.message.FinalArrayList">
    <string>Permission denied (publickey,gssapi-keyex,gssapi-with-mic).</string>
  </myBuildErrors>
  <myBuildNumber>5</myBuildNumber>
  <myBuildDate>1568202019305</myBuildDate>
  <myBuildDuration>129</myBuildDuration>
  <mySuccessfulTestResults class="empty-list"/>
</BuildResults>