<BuildResults>
  <myReasonForBuild>
    <myReason>Manual build</myReason>
  </myReasonForBuild>
  <myBuildState>
    <myState>Successful</myState>
  </myBuildState>
  <myBuildErrors class="com.atlassian.bamboo.collections.message.FinalArrayList">
    <string>Creating new client for Bamboochefcentosnodejs</string>
    <string>Creating new node for Bamboochefcentosnodejs</string>
    <string>Connecting to bamboochefcentosnodejs.zippyops.com</string>
    <string>Creating new client for Bamboochefubuntunodejs</string>
    <string>Creating new node for Bamboochefubuntunodejs</string>
    <string>Connecting to bamboochefubuntunodejs.zippyops.com</string>
    <string>Creating new client for Bamboochefwindowsnodejs</string>
    <string>Creating new node for Bamboochefwindowsnodejs</string>
    <string>Remote node responded after 0.0 minutes.</string>
    <string>Bootstrapping Chef on bamboochefwindowsnodejs.zippyops.com</string>
  </myBuildErrors>
  <myBuildNumber>19</myBuildNumber>
  <myBuildDate>1571398807289</myBuildDate>
  <myBuildDuration>103209</myBuildDuration>
  <mySuccessfulTestResults class="empty-list"/>
</BuildResults>