<BuildResults>
  <myReasonForBuild>
    <myReason>Manual build</myReason>
  </myReasonForBuild>
  <myBuildState>
    <myState>Successful</myState>
  </myBuildState>
  <myBuildErrors class="com.atlassian.bamboo.collections.message.FinalArrayList">
    <string>Creating new client for bamboochefcentosnodejs</string>
    <string>Creating new node for bamboochefcentosnodejs</string>
    <string>Connecting to bamboochefcentosnodejs.zippyops.com</string>
    <string>Creating new client for bamboochefubuntunodejs</string>
    <string>Creating new node for bamboochefubuntunodejs</string>
    <string>Connecting to bamboochefubuntunodejs.zippyops.com</string>
    <string>Creating new client for bamboochefwindowsnodejs</string>
    <string>Creating new node for bamboochefwindowsnodejs</string>
    <string>Remote node responded after 0.0 minutes.</string>
    <string>Bootstrapping Chef on bamboochefwindowsnodejs.zippyops.com</string>
  </myBuildErrors>
  <myBuildNumber>14</myBuildNumber>
  <myBuildDate>1571392040142</myBuildDate>
  <myBuildDuration>95852</myBuildDuration>
  <mySuccessfulTestResults class="empty-list"/>
</BuildResults>