<BuildResults>
  <myReasonForBuild>
    <myReason>Manual build</myReason>
  </myReasonForBuild>
  <myBuildState>
    <myState>Failed</myState>
  </myBuildState>
  <myBuildErrors class="com.atlassian.bamboo.collections.message.FinalArrayList">
    <string>Creating new client for Bamboochefcentosnodejs</string>
    <string>Creating new node for Bamboochefcentosnodejs</string>
    <string>Connecting to bamboochefcentosnodejs.zippyops.com</string>
    <string>ERROR: EOFError: end of file reached</string>
  </myBuildErrors>
  <myBuildNumber>18</myBuildNumber>
  <myBuildDate>1571398686775</myBuildDate>
  <myBuildDuration>18076</myBuildDuration>
  <mySuccessfulTestResults class="empty-list"/>
</BuildResults>