<BuildResults>
  <myReasonForBuild>
    <myReason>Manual build</myReason>
  </myReasonForBuild>
  <myBuildState>
    <myState>Failed</myState>
  </myBuildState>
  <myBuildErrors class="com.atlassian.bamboo.collections.message.FinalArrayList">
    <string>Creating new client for bamboochefcentosnodejs.zippyops.com</string>
    <string>Creating new node for bamboochefcentosnodejs.zippyops.com</string>
    <string>Connecting to bamboochefcentosnodejs.zippyops.com</string>
    <string>Creating new client for bamboochefubuntunodejs.zippyops.com</string>
    <string>Creating new node for bamboochefubuntunodejs.zippyops.com</string>
    <string>Connecting to bamboochefubuntunodejs.zippyops.com</string>
    <string>ERROR: The object you are looking for could not be found</string>
    <string>Response: node &apos;bamboochefubuntuphp.zippyops.com&apos; not found</string>
    <string>Creating new client for bamboochefwindowsnodejs.zippyops.com</string>
    <string>Creating new node for bamboochefwindowsnodejs.zippyops.com</string>
    <string>Remote node responded after 0.09 minutes.</string>
    <string>Bootstrapping Chef on bamboochefwindowsnodejs.zippyops.com</string>
    <string>FATAL: Cannot find subcommand for: &apos;node run_list bamboochefwindowsnodejs.zippyops.com role[bamboonodejs]&apos;</string>
  </myBuildErrors>
  <myBuildNumber>1</myBuildNumber>
  <myBuildDate>1570165940663</myBuildDate>
  <myBuildDuration>300793</myBuildDuration>
  <mySuccessfulTestResults class="empty-list"/>
</BuildResults>