<BuildResults>
  <myReasonForBuild>
    <myReason>Manual build</myReason>
  </myReasonForBuild>
  <myBuildState>
    <myState>Successful</myState>
  </myBuildState>
  <myBuildErrors class="com.atlassian.bamboo.collections.message.FinalArrayList">
    <string>Creating new client for bamboochefcentosnodejs.zippyops.com</string>
    <string>Creating new node for bamboochefcentosnodejs.zippyops.com</string>
    <string>Connecting to bamboochefcentosnodejs.zippyops.com</string>
    <string>Creating new client for bamboochefubuntunodejs.zippyops.com</string>
    <string>Creating new node for bamboochefubuntunodejs.zippyops.com</string>
    <string>Connecting to bamboochefubuntunodejs.zippyops.com</string>
    <string>Creating new client for bamboochefwindowsnodejs.zippyops.com</string>
    <string>Creating new node for bamboochefwindowsnodejs.zippyops.com</string>
    <string>Remote node responded after 0.0 minutes.</string>
    <string>Bootstrapping Chef on bamboochefwindowsnodejs.zippyops.com</string>
  </myBuildErrors>
  <myBuildNumber>3</myBuildNumber>
  <myBuildDate>1570171663162</myBuildDate>
  <myBuildDuration>202894</myBuildDuration>
  <mySuccessfulTestResults class="empty-list"/>
</BuildResults>