<BuildResults>
  <myReasonForBuild>
    <myReason>Manual build</myReason>
  </myReasonForBuild>
  <myBuildState>
    <myState>Unknown</myState>
  </myBuildState>
  <myBuildErrors class="com.atlassian.bamboo.collections.message.FinalArrayList">
    <string>Creating new client for bamboochefcentosnodejs.zippyops.com</string>
    <string>Creating new node for bamboochefcentosnodejs.zippyops.com</string>
    <string>Connecting to bamboochefcentosnodejs.zippyops.com</string>
    <string>Failed to authenticate centos - trying password auth</string>
    <string>stty: standard input: Inappropriate ioctl for device</string>
    <string>stty: standard input: Inappropriate ioctl for device</string>
    <string>Build was manually stopped.</string>
  </myBuildErrors>
  <myBuildNumber>6</myBuildNumber>
  <myBuildDate>1570536466412</myBuildDate>
  <myBuildDuration>1324008</myBuildDuration>
  <mySuccessfulTestResults class="empty-list"/>
</BuildResults>