<BuildResults>
  <myReasonForBuild>
    <myReason>Manual build</myReason>
  </myReasonForBuild>
  <myBuildState>
    <myState>Failed</myState>
  </myBuildState>
  <myBuildErrors class="com.atlassian.bamboo.collections.message.FinalArrayList">
    <string>Could not find test result reports in the /var/atlassian/application/bamboo/xml-data/build-dir/PUPJ-PUP-JOB1 directory.</string>
    <string>scp: /etc/puppetlabs/code/environments/production/modules/: No such file or directory</string>
    <string>Killed by signal 1.</string>
  </myBuildErrors>
  <myBuildNumber>12</myBuildNumber>
  <myBuildDate>1570782832655</myBuildDate>
  <myBuildDuration>3554</myBuildDuration>
  <mySuccessfulTestResults/>
</BuildResults>