<BuildResults>
  <myReasonForBuild>
    <myReason>Code has changed</myReason>
  </myReasonForBuild>
  <myBuildState>
    <myState>Successful</myState>
  </myBuildState>
  <myBuildErrors class="com.atlassian.bamboo.collections.message.FinalArrayList">
    <string>Could not find test result reports in the /var/atlassian/application/bamboo/xml-data/build-dir/PUPJ-PUP-JOB1 directory.</string>
  </myBuildErrors>
  <myBuildNumber>31</myBuildNumber>
  <myBuildDate>1571651064644</myBuildDate>
  <myBuildDuration>3031</myBuildDuration>
  <mySuccessfulTestResults/>
</BuildResults>