<BuildResults>
  <myReasonForBuild>
    <myReason>Manual build</myReason>
  </myReasonForBuild>
  <myBuildState>
    <myState>Successful</myState>
  </myBuildState>
  <myBuildErrors class="com.atlassian.bamboo.collections.message.FinalArrayList">
    <string>Could not find test result reports in the /var/atlassian/application/bamboo/xml-data/build-dir/PUPJ-PUP-JOB1 directory.</string>
  </myBuildErrors>
  <myBuildNumber>22</myBuildNumber>
  <myBuildDate>1570801364234</myBuildDate>
  <myBuildDuration>5594</myBuildDuration>
  <mySuccessfulTestResults/>
</BuildResults>