<BuildResults>
  <myReasonForBuild>
    <myReason>Manual build</myReason>
  </myReasonForBuild>
  <myBuildState>
    <myState>Failed</myState>
  </myBuildState>
  <myBuildErrors class="com.atlassian.bamboo.collections.message.FinalArrayList">
    <string>Permission denied, please try again.</string>
    <string>Permission denied, please try again.</string>
    <string>Permission denied (publickey,gssapi-keyex,gssapi-with-mic,password).</string>
  </myBuildErrors>
  <myBuildNumber>2</myBuildNumber>
  <myBuildDate>1569840186091</myBuildDate>
  <myBuildDuration>104</myBuildDuration>
  <mySuccessfulTestResults class="empty-list"/>
</BuildResults>