<BuildResults>
  <myReasonForBuild>
    <myReason>Manual build</myReason>
  </myReasonForBuild>
  <myBuildState>
    <myState>Failed</myState>
  </myBuildState>
  <myBuildErrors class="com.atlassian.bamboo.collections.message.FinalArrayList">
    <string>Warning: Permanently added &apos;192.168.2.79&apos; (ECDSA) to the list of known hosts.</string>
    <string>Permission denied (publickey,gssapi-keyex,gssapi-with-mic).</string>
  </myBuildErrors>
  <myBuildNumber>4</myBuildNumber>
  <myBuildDate>1569845169012</myBuildDate>
  <myBuildDuration>95</myBuildDuration>
  <mySuccessfulTestResults class="empty-list"/>
</BuildResults>