<AdministrationConfiguration>
  <myBaseUrl>http://192.168.2.22:8085</myBaseUrl>
  <myUseGzipCompression>true</myUseGzipCompression>
  <myInstanceName>Atlassian Bamboo</myInstanceName>
  <deploymentExpiryEnabled>true</deploymentExpiryEnabled>
  <myBuildExpiryConfiguration>
    <myDuration>0</myDuration>
    <buildsToKeep>0</buildsToKeep>
    <maxIgnoredLogSize>-1</maxIgnoredLogSize>
    <expiryTypeNothing>false</expiryTypeNothing>
    <expiryTypeResult>false</expiryTypeResult>
    <expiryTypeArtifact>false</expiryTypeArtifact>
    <expiryTypeBuildLog>false</expiryTypeBuildLog>
    <enabled>false</enabled>
  </myBuildExpiryConfiguration>
  <deploymentExpiryConfig>
    <expiryEnabled>false</expiryEnabled>
    <expiryTypes enum-type="com.atlassian.bamboo.deployments.expiry.DeploymentExpiryType"></expiryTypes>
    <deploymentsToKeep>2</deploymentsToKeep>
    <maxIgnoredLogSize>-1</maxIgnoredLogSize>
  </deploymentExpiryConfig>
  <myBuildHangingConfig>
    <multiplier>2.5</multiplier>
    <minutesBetweenLogs>20</minutesBetweenLogs>
    <minutesBeforeQueueTimeout>5</minutesBeforeQueueTimeout>
    <disabled>false</disabled>
  </myBuildHangingConfig>
  <concurrentBuildConfig>
    <enabled>false</enabled>
    <numberConcurrentBuilds>1</numberConcurrentBuilds>
  </concurrentBuildConfig>
  <storageLimits>
    <softLimit>20</softLimit>
    <hardLimit>25</hardLimit>
  </storageLimits>
  <dashboardPageSize>50</dashboardPageSize>
  <enableSignup>true</enableSignup>
  <enableAnonymousAccess>true</enableAnonymousAccess>
  <enableViewContactDetails>false</enableViewContactDetails>
  <enableRestrictedAdmin>false</enableRestrictedAdmin>
  <soxComplianceModeEnabled>false</soxComplianceModeEnabled>
  <remoteAgentFunctionEnabled>true</remoteAgentFunctionEnabled>
  <remoteAgentAuthenticationEnabled>true</remoteAgentAuthenticationEnabled>
  <auditLoggingEnabled>true</auditLoggingEnabled>
  <gravatarSupportEnabled>true</gravatarSupportEnabled>
  <gravatarServerUrl>https://secure.gravatar.com/avatar/</gravatarServerUrl>
  <showAdminContactDetailsToAnonymousUsers>false</showAdminContactDetailsToAnonymousUsers>
  <unauthenticatedRemoteTriggerAllowed>true</unauthenticatedRemoteTriggerAllowed>
  <captchaConfiguration>
    <enableCaptcha>true</enableCaptcha>
    <enableCaptchaOnSignup>true</enableCaptchaOnSignup>
    <maxLoginAttempts>3</maxLoginAttempts>
  </captchaConfiguration>
  <systemProperties/>
  <buildHangedInQueueNotificationTimeout>120</buildHangedInQueueNotificationTimeout>
  <repositorySettings>
    <useNtlmAuth>false</useNtlmAuth>
  </repositorySettings>
  <branchDetectionCheckInterval>300</branchDetectionCheckInterval>
  <xsrfProtectionEnabled>true</xsrfProtectionEnabled>
  <xsrfAllowsMutativeGets>false</xsrfAllowsMutativeGets>
  <quarantineConfiguration>
    <enabled>false</enabled>
    <expiryOverridable>false</expiryOverridable>
  </quarantineConfiguration>
  <resolveArtifactContentTypeByExtension>false</resolveArtifactContentTypeByExtension>
  <serializationSecurityConfig>
    <bandanaMethod>STRICT_BLACKLIST</bandanaMethod>
    <xStreamMethod>WHITELIST</xStreamMethod>
  </serializationSecurityConfig>
  <securityTokenRequiredFromAgents>false</securityTokenRequiredFromAgents>
  <manageAcceptedSshHostKeys>false</manageAcceptedSshHostKeys>
  <rssSecurityConfiguration>
    <enabled>true</enabled>
    <executeSpecsInDocker>true</executeSpecsInDocker>
    <dockerImage>atlassian/bamboo-specs-runner:6.9.2</dockerImage>
    <mountLocalMavenDirectory>false</mountLocalMavenDirectory>
    <localMavenDirectory></localMavenDirectory>
  </rssSecurityConfiguration>
  <rssDetectionConfiguration>
    <pollingEnabled>false</pollingEnabled>
  </rssDetectionConfiguration>
  <manualEncryptionConfiguration>
    <enabled>true</enabled>
    <limit>100</limit>
    <limitUnit>HOURS</limitUnit>
  </manualEncryptionConfiguration>
</AdministrationConfiguration>