<BuildResults>
  <myReasonForBuild>
    <myReason>Manual build</myReason>
  </myReasonForBuild>
  <myBuildState>
    <myState>Failed</myState>
  </myBuildState>
  <myBuildErrors class="com.atlassian.bamboo.collections.message.FinalArrayList">
    <string>ssh: Could not resolve hostname chefserver.zippyops.com: Name or service not known</string>
  </myBuildErrors>
  <myBuildNumber>13</myBuildNumber>
  <myBuildDate>1571403535165</myBuildDate>
  <myBuildDuration>483</myBuildDuration>
  <mySuccessfulTestResults class="empty-list"/>
</BuildResults>