<BuildResults>
  <myReasonForBuild>
    <myReason>Manual build</myReason>
  </myReasonForBuild>
  <myBuildState>
    <myState>Failed</myState>
  </myBuildState>
  <myBuildErrors class="com.atlassian.bamboo.collections.message.FinalArrayList">
    <string>ssh: Could not resolve hostname chefserver.zippyops.com: Name or service not known</string>
  </myBuildErrors>
  <myBuildNumber>14</myBuildNumber>
  <myBuildDate>1571403565648</myBuildDate>
  <myBuildDuration>59</myBuildDuration>
  <mySuccessfulTestResults class="empty-list"/>
</BuildResults>