<BuildResults>
  <myReasonForBuild>
    <myReason>Manual build</myReason>
  </myReasonForBuild>
  <myBuildState>
    <myState>Successful</myState>
  </myBuildState>
  <myBuildErrors class="com.atlassian.bamboo.collections.message.FinalArrayList">
    <string>No clients match the expression /Bamboochefwindowsnodejs/</string>
  </myBuildErrors>
  <myBuildNumber>12</myBuildNumber>
  <myBuildDate>1571398750352</myBuildDate>
  <myBuildDuration>30846</myBuildDuration>
  <mySuccessfulTestResults class="empty-list"/>
</BuildResults>