<BuildResults>
  <myReasonForBuild>
    <myReason>Manual build</myReason>
  </myReasonForBuild>
  <myBuildState>
    <myState>Successful</myState>
  </myBuildState>
  <myBuildErrors class="com.atlassian.bamboo.collections.message.FinalArrayList">
    <string>No clients match the expression /bamboochefcentosnodejs.zippyops.com/</string>
    <string>No clients match the expression /bamboochefwindowsnodejs.zippyops.com/</string>
  </myBuildErrors>
  <myBuildNumber>7</myBuildNumber>
  <myBuildDate>1571387420986</myBuildDate>
  <myBuildDuration>33682</myBuildDuration>
  <mySuccessfulTestResults class="empty-list"/>
</BuildResults>