<BuildResults>
  <myReasonForBuild>
    <myReason>Manual build</myReason>
  </myReasonForBuild>
  <myBuildState>
    <myState>Failed</myState>
  </myBuildState>
  <myBuildErrors class="com.atlassian.bamboo.collections.message.FinalArrayList">
    <string>ERROR: Failed to authenticate to https://chefserver.zippyops.com/organizations/zippyops-consulting as zippyops with key /opt/chef-repo/.chef/zippyops.pem</string>
    <string>Response:  Invalid signature for user or client &apos;zippyops&apos;</string>
    <string>ERROR: Failed to authenticate to https://chefserver.zippyops.com/organizations/zippyops-consulting as zippyops with key /opt/chef-repo/.chef/zippyops.pem</string>
    <string>Response:  Invalid signature for user or client &apos;zippyops&apos;</string>
    <string>ERROR: Failed to authenticate to https://chefserver.zippyops.com/organizations/zippyops-consulting as zippyops with key /opt/chef-repo/.chef/zippyops.pem</string>
    <string>Response:  Invalid signature for user or client &apos;zippyops&apos;</string>
    <string>ERROR: Failed to authenticate to https://chefserver.zippyops.com/organizations/zippyops-consulting as zippyops with key /opt/chef-repo/.chef/zippyops.pem</string>
    <string>Response:  Invalid signature for user or client &apos;zippyops&apos;</string>
    <string>ERROR: Failed to authenticate to https://chefserver.zippyops.com/organizations/zippyops-consulting as zippyops with key /opt/chef-repo/.chef/zippyops.pem</string>
    <string>Response:  Invalid signature for user or client &apos;zippyops&apos;</string>
    <string>ERROR: Failed to authenticate to https://chefserver.zippyops.com/organizations/zippyops-consulting as zippyops with key /opt/chef-repo/.chef/zippyops.pem</string>
    <string>Response:  Invalid signature for user or client &apos;zippyops&apos;</string>
  </myBuildErrors>
  <myBuildNumber>2</myBuildNumber>
  <myBuildDate>1570536107120</myBuildDate>
  <myBuildDuration>33597</myBuildDuration>
  <mySuccessfulTestResults class="empty-list"/>
</BuildResults>