<BuildResults>
  <myReasonForBuild>
    <myReason>Manual build</myReason>
  </myReasonForBuild>
  <myBuildState>
    <myState>Successful</myState>
  </myBuildState>
  <myBuildErrors class="com.atlassian.bamboo.collections.message.FinalArrayList">
    <string>No clients match the expression /Bamboochefcentosnodejs/</string>
  </myBuildErrors>
  <myBuildNumber>18</myBuildNumber>
  <myBuildDate>1573212553419</myBuildDate>
  <myBuildDuration>30732</myBuildDuration>
  <mySuccessfulTestResults class="empty-list"/>
</BuildResults>