<BuildResults>
  <myReasonForBuild>
    <myReason>Manual build</myReason>
  </myReasonForBuild>
  <myBuildState>
    <myState>Successful</myState>
  </myBuildState>
  <myBuildErrors class="com.atlassian.bamboo.collections.message.FinalArrayList">
    <string>No clients match the expression /Bamboo_chef_nodejs_centos/</string>
    <string>No clients match the expression /Bamboo_chef_nodejs_ubuntu/</string>
    <string>No clients match the expression /Bamboo_chef_nodejs_windows/</string>
  </myBuildErrors>
  <myBuildNumber>3</myBuildNumber>
  <myBuildDate>1570537805153</myBuildDate>
  <myBuildDuration>27681</myBuildDuration>
  <mySuccessfulTestResults class="empty-list"/>
</BuildResults>