<BuildResults>
  <myReasonForBuild>
    <myReason>Manual build</myReason>
  </myReasonForBuild>
  <myBuildState>
    <myState>Successful</myState>
  </myBuildState>
  <myBuildErrors class="com.atlassian.bamboo.collections.message.FinalArrayList">
    <string>No clients match the expression /bamboochefcentosnodejs/</string>
  </myBuildErrors>
  <myBuildNumber>9</myBuildNumber>
  <myBuildDate>1571395260915</myBuildDate>
  <myBuildDuration>31366</myBuildDuration>
  <mySuccessfulTestResults class="empty-list"/>
</BuildResults>