<BuildResults>
  <myReasonForBuild>
    <myReason>Manual build</myReason>
  </myReasonForBuild>
  <myBuildState>
    <myState>Successful</myState>
  </myBuildState>
  <myBuildErrors class="com.atlassian.bamboo.collections.message.FinalArrayList">
    <string>No clients match the expression /bamboochefcentosnodejs.zippyops.com/</string>
  </myBuildErrors>
  <myBuildNumber>5</myBuildNumber>
  <myBuildDate>1570539564940</myBuildDate>
  <myBuildDuration>31980</myBuildDuration>
  <mySuccessfulTestResults class="empty-list"/>
</BuildResults>