<BuildResults>
  <myReasonForBuild>
    <myReason>Dependency build</myReason>
  </myReasonForBuild>
  <myBuildState>
    <myState>Failed</myState>
  </myBuildState>
  <myBuildErrors class="com.atlassian.bamboo.collections.message.FinalArrayList">
    <string> [WARNING]: Chocolatey was missing from this system, so it was installed during</string>
    <string>this task run.</string>
  </myBuildErrors>
  <myBuildNumber>15</myBuildNumber>
  <myBuildDate>1569404883212</myBuildDate>
  <myBuildDuration>1023410</myBuildDuration>
  <mySuccessfulTestResults class="empty-list"/>
</BuildResults>