<BuildResults>
  <myReasonForBuild>
    <myReason>Dependency build</myReason>
  </myReasonForBuild>
  <myBuildState>
    <myState>Failed</myState>
  </myBuildState>
  <myBuildErrors class="com.atlassian.bamboo.collections.message.FinalArrayList">
    <string> [WARNING]: Chocolatey was missing from this system, so it was installed during</string>
    <string>this task run.</string>
    <string> [WARNING]: ERROR DURING WINRM SEND INPUT - attempting to recover: ReadTimeout</string>
    <string>HTTPSConnectionPool(host=&apos;bambooansiblewindowsweblogic.zippyops.com&apos;,</string>
    <string>port=5986): Read timed out. (read timeout=30)</string>
  </myBuildErrors>
  <myBuildNumber>18</myBuildNumber>
  <myBuildDate>1569571523357</myBuildDate>
  <myBuildDuration>345761</myBuildDuration>
  <mySuccessfulTestResults class="empty-list"/>
</BuildResults>