<BuildResults>
  <myReasonForBuild>
    <myReason>Manual build</myReason>
  </myReasonForBuild>
  <myBuildState>
    <myState>Successful</myState>
  </myBuildState>
  <myBuildErrors class="com.atlassian.bamboo.collections.message.FinalArrayList">
    <string>Creating new client for bamboochefcentosphp</string>
    <string>Creating new node for bamboochefcentosphp</string>
    <string>Connecting to bamboochefcentosphp.zippyops.com</string>
    <string>Creating new client for bamboochefubuntuphp</string>
    <string>Creating new node for bamboochefubuntuphp</string>
    <string>Connecting to bamboochefubuntuphp.zippyops.com</string>
    <string>Creating new client for bamboochefwindowsphp</string>
    <string>Creating new node for bamboochefwindowsphp</string>
    <string>Remote node responded after 0.0 minutes.</string>
    <string>Bootstrapping Chef on bamboochefwindowsphp.zippyops.com</string>
  </myBuildErrors>
  <myBuildNumber>15</myBuildNumber>
  <myBuildDate>1570607051383</myBuildDate>
  <myBuildDuration>252311</myBuildDuration>
  <mySuccessfulTestResults class="empty-list"/>
</BuildResults>