<BuildResults>
  <myReasonForBuild>
    <myReason>Manual build</myReason>
  </myReasonForBuild>
  <myBuildState>
    <myState>Unknown</myState>
  </myBuildState>
  <myBuildErrors class="com.atlassian.bamboo.collections.message.FinalArrayList">
    <string>Creating new client for bamboochefcentosphp</string>
    <string>Creating new node for bamboochefcentosphp</string>
    <string>Connecting to bamboochefcentosphp.zippyops.com</string>
    <string>#&lt;Thread:0x00000000065e5dc0@/opt/chefdk/embedded/lib/ruby/gems/2.5.0/gems/logging-2.2.2/lib/logging/diagnostic_context.rb:471 run&gt; terminated with exception (report_on_exception is true):</string>
    <string>/opt/chefdk/embedded/lib/ruby/2.5.0/socket.rb:64:in `connect&apos;: No route to host - connect(2) for 192.168.2.76:22 (Errno::EHOSTUNREACH)</string>
    <string>	from /opt/chefdk/embedded/lib/ruby/2.5.0/socket.rb:64:in `connect_internal&apos;</string>
    <string>	from /opt/chefdk/embedded/lib/ruby/2.5.0/socket.rb:137:in `connect&apos;</string>
    <string>	from /opt/chefdk/embedded/lib/ruby/2.5.0/socket.rb:641:in `block in tcp&apos;</string>
    <string>	from /opt/chefdk/embedded/lib/ruby/2.5.0/socket.rb:227:in `each&apos;</string>
    <string>	from /opt/chefdk/embedded/lib/ruby/2.5.0/socket.rb:227:in `foreach&apos;</string>
    <string>	from /opt/chefdk/embedded/lib/ruby/2.5.0/socket.rb:631:in `tcp&apos;</string>
    <string>	from /opt/chefdk/embedded/lib/ruby/gems/2.5.0/gems/net-ssh-4.2.0/lib/net/ssh/transport/session.rb:70:in `initialize&apos;</string>
    <string>	from /opt/chefdk/embedded/lib/ruby/gems/2.5.0/gems/net-ssh-4.2.0/lib/net/ssh.rb:237:in `new&apos;</string>
    <string>	from /opt/chefdk/embedded/lib/ruby/gems/2.5.0/gems/net-ssh-4.2.0/lib/net/ssh.rb:237:in `start&apos;</string>
    <string>	from /opt/chefdk/embedded/lib/ruby/gems/2.5.0/gems/net-ssh-multi-1.2.1/lib/net/ssh/multi/server.rb:186:in `new_session&apos;</string>
    <string>	from /opt/chefdk/embedded/lib/ruby/gems/2.5.0/gems/net-ssh-multi-1.2.1/lib/net/ssh/multi/session.rb:488:in `next_session&apos;</string>
    <string>	from /opt/chefdk/embedded/lib/ruby/gems/2.5.0/gems/net-ssh-multi-1.2.1/lib/net/ssh/multi/server.rb:138:in `session&apos;</string>
    <string>	from /opt/chefdk/embedded/lib/ruby/gems/2.5.0/gems/net-ssh-multi-1.2.1/lib/net/ssh/multi/session_actions.rb:36:in `block (2 levels) in sessions&apos;</string>
    <string>	from /opt/chefdk/embedded/lib/ruby/gems/2.5.0/gems/logging-2.2.2/lib/logging/diagnostic_context.rb:474:in `block in create_with_logging_context&apos;</string>
    <string>ERROR: Errno::EHOSTUNREACH: No route to host - connect(2) for 192.168.2.76:22</string>
    <string>Creating new client for bamboochefubuntupp</string>
    <string>Creating new node for bamboochefubuntupp</string>
    <string>Connecting to bamboochefubuntuphp.zippyops.com</string>
    <string>Creating new client for bamboochefwindowsphp</string>
    <string>Creating new node for bamboochefwindowsphp</string>
    <string>Remote node responded after 0.08 minutes.</string>
    <string>Bootstrapping Chef on bamboochefwindowsphp.zippyops.com</string>
    <string>Build was manually stopped.</string>
  </myBuildErrors>
  <myBuildNumber>14</myBuildNumber>
  <myBuildDate>1570604820283</myBuildDate>
  <myBuildDuration>1839234</myBuildDuration>
  <mySuccessfulTestResults class="empty-list"/>
</BuildResults>