<BuildResults>
  <myReasonForBuild>
    <myReason>Manual build</myReason>
  </myReasonForBuild>
  <myBuildState>
    <myState>Failed</myState>
  </myBuildState>
  <myBuildErrors class="com.atlassian.bamboo.collections.message.FinalArrayList">
    <string>Creating new client for Bamboo_chef_php_centos</string>
    <string>Creating new node for Bamboo_chef_php_centos</string>
    <string>ERROR: ArgumentError: Unable to create Chef::RunList::RunListItem from String:&quot;role[&quot;: must be recipe[] or role[]</string>
    <string>Creating new client for Bamboo_chef_php_ubuntu</string>
    <string>Creating new node for Bamboo_chef_php_ubuntu</string>
    <string>ERROR: ArgumentError: Unable to create Chef::RunList::RunListItem from String:&quot;role[&quot;: must be recipe[] or role[]</string>
    <string>Creating new client for Bamboo_chef_java_windows</string>
    <string>Creating new node for Bamboo_chef_java_windows</string>
    <string>ERROR: The data in your request was invalid</string>
    <string>Response: Field &apos;run_list&apos; is not a valid run list</string>
  </myBuildErrors>
  <myBuildNumber>1</myBuildNumber>
  <myBuildDate>1570094614315</myBuildDate>
  <myBuildDuration>15364</myBuildDuration>
  <mySuccessfulTestResults class="empty-list"/>
</BuildResults>