<BuildResults>
  <myReasonForBuild>
    <myReason>Manual build</myReason>
  </myReasonForBuild>
  <myBuildState>
    <myState>Failed</myState>
  </myBuildState>
  <myBuildErrors class="com.atlassian.bamboo.collections.message.FinalArrayList">
    <string>Creating new client for bamboochefcentosphp.zippyops.com</string>
    <string>Creating new node for bamboochefcentosphp.zippyops.com</string>
    <string>Connecting to bamboochefcentosphp.zippyops.com</string>
    <string>Creating new client for bamboochefubuntuphp.zippyops.com</string>
    <string>Creating new node for bamboochefubuntuphp.zippyops.com</string>
    <string>Connecting to bamboochefubuntuphp.zippyops.com</string>
    <string>Creating new client for bamboochefwindowsphp.zippyops.com</string>
    <string>Creating new node for bamboochefwindowsphp.zippyops.com</string>
    <string>Remote node responded after 0.19 minutes.</string>
    <string>Bootstrapping Chef on bamboochefwindowsphp.zippyops.com</string>
    <string>#&lt;Thread:0x0000000006675d80@/opt/chefdk/embedded/lib/ruby/gems/2.5.0/gems/logging-2.2.2/lib/logging/diagnostic_context.rb:471 run&gt; terminated with exception (report_on_exception is true):</string>
    <string>/opt/chefdk/embedded/lib/ruby/gems/2.5.0/gems/httpclient-2.8.3/lib/httpclient/session.rb:625:in `rescue in create_socket&apos;: getaddrinfo: Name or service not known (bamboochefwindowsphp.zippyops.com:5985) (SocketError)</string>
    <string>	from /opt/chefdk/embedded/lib/ruby/gems/2.5.0/gems/httpclient-2.8.3/lib/httpclient/session.rb:607:in `create_socket&apos;</string>
    <string>	from /opt/chefdk/embedded/lib/ruby/gems/2.5.0/gems/httpclient-2.8.3/lib/httpclient/session.rb:755:in `block in connect&apos;</string>
    <string>	from /opt/chefdk/embedded/lib/ruby/2.5.0/timeout.rb:93:in `block in timeout&apos;</string>
    <string>	from /opt/chefdk/embedded/lib/ruby/2.5.0/timeout.rb:103:in `timeout&apos;</string>
    <string>	from /opt/chefdk/embedded/lib/ruby/gems/2.5.0/gems/httpclient-2.8.3/lib/httpclient/session.rb:748:in `connect&apos;</string>
    <string>	from /opt/chefdk/embedded/lib/ruby/gems/2.5.0/gems/httpclient-2.8.3/lib/httpclient/session.rb:511:in `query&apos;</string>
    <string>	from /opt/chefdk/embedded/lib/ruby/gems/2.5.0/gems/httpclient-2.8.3/lib/httpclient/session.rb:177:in `query&apos;</string>
    <string>	from /opt/chefdk/embedded/lib/ruby/gems/2.5.0/gems/httpclient-2.8.3/lib/httpclient.rb:1242:in `do_get_block&apos;</string>
    <string>	from /opt/chefdk/embedded/lib/ruby/gems/2.5.0/gems/httpclient-2.8.3/lib/httpclient.rb:1019:in `block in do_request&apos;</string>
    <string>	from /opt/chefdk/embedded/lib/ruby/gems/2.5.0/gems/httpclient-2.8.3/lib/httpclient.rb:1133:in `protect_keep_alive_disconnected&apos;</string>
    <string>	from /opt/chefdk/embedded/lib/ruby/gems/2.5.0/gems/httpclient-2.8.3/lib/httpclient.rb:1014:in `do_request&apos;</string>
    <string>	from /opt/chefdk/embedded/lib/ruby/gems/2.5.0/gems/httpclient-2.8.3/lib/httpclient.rb:856:in `request&apos;</string>
    <string>	from /opt/chefdk/embedded/lib/ruby/gems/2.5.0/gems/httpclient-2.8.3/lib/httpclient.rb:765:in `post&apos;</string>
    <string>	from /opt/chefdk/embedded/lib/ruby/gems/2.5.0/gems/winrm-2.3.1/lib/winrm/http/transport.rb:176:in `send_request&apos;</string>
    <string>	from /opt/chefdk/embedded/lib/ruby/gems/2.5.0/gems/winrm-2.3.1/lib/winrm/shells/base.rb:157:in `cleanup_command&apos;</string>
    <string>	from /opt/chefdk/embedded/lib/ruby/gems/2.5.0/gems/winrm-2.3.1/lib/winrm/shells/base.rb:138:in `with_command_shell&apos;</string>
    <string>	from /opt/chefdk/embedded/lib/ruby/gems/2.5.0/gems/winrm-2.3.1/lib/winrm/shells/base.rb:79:in `run&apos;</string>
    <string>	from /opt/chefdk/embedded/lib/ruby/gems/2.5.0/gems/knife-windows-1.9.6/lib/chef/knife/winrm_session.rb:69:in `block in relay_command&apos;</string>
    <string>	from /opt/chefdk/embedded/lib/ruby/gems/2.5.0/gems/winrm-2.3.1/lib/winrm/connection.rb:42:in `shell&apos;</string>
    <string>	from /opt/chefdk/embedded/lib/ruby/gems/2.5.0/gems/knife-windows-1.9.6/lib/chef/knife/winrm_session.rb:67:in `relay_command&apos;</string>
    <string>	from /opt/chefdk/embedded/lib/ruby/gems/2.5.0/gems/knife-windows-1.9.6/lib/chef/knife/winrm_knife_base.rb:143:in `run_command_in_thread&apos;</string>
    <string>	from /opt/chefdk/embedded/lib/ruby/gems/2.5.0/gems/knife-windows-1.9.6/lib/chef/knife/winrm_knife_base.rb:132:in `block (2 levels) in relay_winrm_command&apos;</string>
    <string>	from /opt/chefdk/embedded/lib/ruby/gems/2.5.0/gems/logging-2.2.2/lib/logging/diagnostic_context.rb:474:in `block in create_with_logging_context&apos;</string>
    <string>ERROR: Network Error: getaddrinfo: Name or service not known (bamboochefwindowsphp.zippyops.com:5985)</string>
    <string>Check your knife configuration and network settings</string>
  </myBuildErrors>
  <myBuildNumber>12</myBuildNumber>
  <myBuildDate>1570599905612</myBuildDate>
  <myBuildDuration>647059</myBuildDuration>
  <mySuccessfulTestResults class="empty-list"/>
</BuildResults>