<BuildResults>
  <myReasonForBuild>
    <myReason>Manual build</myReason>
  </myReasonForBuild>
  <myBuildState>
    <myState>Unknown</myState>
  </myBuildState>
  <myBuildErrors class="com.atlassian.bamboo.collections.message.FinalArrayList">
    <string>Creating new client for bamboochefcentosphp.zippyops.com</string>
    <string>Creating new node for bamboochefcentosphp.zippyops.com</string>
    <string>Connecting to bamboochefcentosphp.zippyops.com</string>
    <string>#&lt;Thread:0x0000000006f5fc48@/opt/chefdk/embedded/lib/ruby/gems/2.5.0/gems/logging-2.2.2/lib/logging/diagnostic_context.rb:471 run&gt; terminated with exception (report_on_exception is true):</string>
    <string>/opt/chefdk/embedded/lib/ruby/2.5.0/socket.rb:227:in `getaddrinfo&apos;: getaddrinfo: Name or service not known (SocketError)</string>
    <string>	from /opt/chefdk/embedded/lib/ruby/2.5.0/socket.rb:227:in `foreach&apos;</string>
    <string>	from /opt/chefdk/embedded/lib/ruby/2.5.0/socket.rb:631:in `tcp&apos;</string>
    <string>	from /opt/chefdk/embedded/lib/ruby/gems/2.5.0/gems/net-ssh-4.2.0/lib/net/ssh/transport/session.rb:70:in `initialize&apos;</string>
    <string>	from /opt/chefdk/embedded/lib/ruby/gems/2.5.0/gems/net-ssh-4.2.0/lib/net/ssh.rb:237:in `new&apos;</string>
    <string>	from /opt/chefdk/embedded/lib/ruby/gems/2.5.0/gems/net-ssh-4.2.0/lib/net/ssh.rb:237:in `start&apos;</string>
    <string>	from /opt/chefdk/embedded/lib/ruby/gems/2.5.0/gems/net-ssh-multi-1.2.1/lib/net/ssh/multi/server.rb:186:in `new_session&apos;</string>
    <string>	from /opt/chefdk/embedded/lib/ruby/gems/2.5.0/gems/net-ssh-multi-1.2.1/lib/net/ssh/multi/session.rb:488:in `next_session&apos;</string>
    <string>	from /opt/chefdk/embedded/lib/ruby/gems/2.5.0/gems/net-ssh-multi-1.2.1/lib/net/ssh/multi/server.rb:138:in `session&apos;</string>
    <string>	from /opt/chefdk/embedded/lib/ruby/gems/2.5.0/gems/net-ssh-multi-1.2.1/lib/net/ssh/multi/session_actions.rb:36:in `block (2 levels) in sessions&apos;</string>
    <string>	from /opt/chefdk/embedded/lib/ruby/gems/2.5.0/gems/logging-2.2.2/lib/logging/diagnostic_context.rb:474:in `block in create_with_logging_context&apos;</string>
    <string>ERROR: Network Error: getaddrinfo: Name or service not known</string>
    <string>Check your knife configuration and network settings</string>
    <string>Creating new client for bamboochefubuntuphp.zippyops.com</string>
    <string>Creating new node for bamboochefubuntuphp.zippyops.com</string>
    <string>Connecting to bamboochefubuntuphp.zippyops.com</string>
    <string>#&lt;Thread:0x0000000007b60100@/opt/chefdk/embedded/lib/ruby/gems/2.5.0/gems/logging-2.2.2/lib/logging/diagnostic_context.rb:471 run&gt; terminated with exception (report_on_exception is true):</string>
    <string>/opt/chefdk/embedded/lib/ruby/2.5.0/socket.rb:227:in `getaddrinfo&apos;: getaddrinfo: Name or service not known (SocketError)</string>
    <string>	from /opt/chefdk/embedded/lib/ruby/2.5.0/socket.rb:227:in `foreach&apos;</string>
    <string>	from /opt/chefdk/embedded/lib/ruby/2.5.0/socket.rb:631:in `tcp&apos;</string>
    <string>	from /opt/chefdk/embedded/lib/ruby/gems/2.5.0/gems/net-ssh-4.2.0/lib/net/ssh/transport/session.rb:70:in `initialize&apos;</string>
    <string>	from /opt/chefdk/embedded/lib/ruby/gems/2.5.0/gems/net-ssh-4.2.0/lib/net/ssh.rb:237:in `new&apos;</string>
    <string>	from /opt/chefdk/embedded/lib/ruby/gems/2.5.0/gems/net-ssh-4.2.0/lib/net/ssh.rb:237:in `start&apos;</string>
    <string>	from /opt/chefdk/embedded/lib/ruby/gems/2.5.0/gems/net-ssh-multi-1.2.1/lib/net/ssh/multi/server.rb:186:in `new_session&apos;</string>
    <string>	from /opt/chefdk/embedded/lib/ruby/gems/2.5.0/gems/net-ssh-multi-1.2.1/lib/net/ssh/multi/session.rb:488:in `next_session&apos;</string>
    <string>	from /opt/chefdk/embedded/lib/ruby/gems/2.5.0/gems/net-ssh-multi-1.2.1/lib/net/ssh/multi/server.rb:138:in `session&apos;</string>
    <string>	from /opt/chefdk/embedded/lib/ruby/gems/2.5.0/gems/net-ssh-multi-1.2.1/lib/net/ssh/multi/session_actions.rb:36:in `block (2 levels) in sessions&apos;</string>
    <string>	from /opt/chefdk/embedded/lib/ruby/gems/2.5.0/gems/logging-2.2.2/lib/logging/diagnostic_context.rb:474:in `block in create_with_logging_context&apos;</string>
    <string>ERROR: Network Error: getaddrinfo: Name or service not known</string>
    <string>Check your knife configuration and network settings</string>
    <string>Creating new client for bamboochefwindowsphp.zippyops.com</string>
    <string>Creating new node for bamboochefwindowsphp.zippyops.com</string>
    <string>#&lt;Thread:0x0000000007bf8b30@/opt/chefdk/embedded/lib/ruby/gems/2.5.0/gems/logging-2.2.2/lib/logging/diagnostic_context.rb:471 run&gt; terminated with exception (report_on_exception is true):</string>
    <string>/opt/chefdk/embedded/lib/ruby/gems/2.5.0/gems/httpclient-2.8.3/lib/httpclient/session.rb:625:in `rescue in create_socket&apos;: getaddrinfo: Name or service not known (bamboochefwindowsphp.zippyops.com:5985) (SocketError)</string>
    <string>	from /opt/chefdk/embedded/lib/ruby/gems/2.5.0/gems/httpclient-2.8.3/lib/httpclient/session.rb:607:in `create_socket&apos;</string>
    <string>	from /opt/chefdk/embedded/lib/ruby/gems/2.5.0/gems/httpclient-2.8.3/lib/httpclient/session.rb:755:in `block in connect&apos;</string>
    <string>	from /opt/chefdk/embedded/lib/ruby/2.5.0/timeout.rb:93:in `block in timeout&apos;</string>
    <string>	from /opt/chefdk/embedded/lib/ruby/2.5.0/timeout.rb:103:in `timeout&apos;</string>
    <string>	from /opt/chefdk/embedded/lib/ruby/gems/2.5.0/gems/httpclient-2.8.3/lib/httpclient/session.rb:748:in `connect&apos;</string>
    <string>	from /opt/chefdk/embedded/lib/ruby/gems/2.5.0/gems/httpclient-2.8.3/lib/httpclient/session.rb:511:in `query&apos;</string>
    <string>	from /opt/chefdk/embedded/lib/ruby/gems/2.5.0/gems/httpclient-2.8.3/lib/httpclient/session.rb:177:in `query&apos;</string>
    <string>	from /opt/chefdk/embedded/lib/ruby/gems/2.5.0/gems/httpclient-2.8.3/lib/httpclient.rb:1242:in `do_get_block&apos;</string>
    <string>	from /opt/chefdk/embedded/lib/ruby/gems/2.5.0/gems/httpclient-2.8.3/lib/httpclient.rb:1019:in `block in do_request&apos;</string>
    <string>	from /opt/chefdk/embedded/lib/ruby/gems/2.5.0/gems/httpclient-2.8.3/lib/httpclient.rb:1133:in `protect_keep_alive_disconnected&apos;</string>
    <string>	from /opt/chefdk/embedded/lib/ruby/gems/2.5.0/gems/httpclient-2.8.3/lib/httpclient.rb:1014:in `do_request&apos;</string>
    <string>	from /opt/chefdk/embedded/lib/ruby/gems/2.5.0/gems/httpclient-2.8.3/lib/httpclient.rb:856:in `request&apos;</string>
    <string>	from /opt/chefdk/embedded/lib/ruby/gems/2.5.0/gems/httpclient-2.8.3/lib/httpclient.rb:765:in `post&apos;</string>
    <string>	from /opt/chefdk/embedded/lib/ruby/gems/2.5.0/gems/winrm-2.3.1/lib/winrm/http/transport.rb:236:in `init_auth&apos;</string>
    <string>	from /opt/chefdk/embedded/lib/ruby/gems/2.5.0/gems/winrm-2.3.1/lib/winrm/http/transport.rb:168:in `send_request&apos;</string>
    <string>	from /opt/chefdk/embedded/lib/ruby/gems/2.5.0/gems/winrm-2.3.1/lib/winrm/shells/cmd.rb:54:in `open_shell&apos;</string>
    <string>	from /opt/chefdk/embedded/lib/ruby/gems/2.5.0/gems/winrm-2.3.1/lib/winrm/shells/base.rb:169:in `block in open&apos;</string>
    <string>	from /opt/chefdk/embedded/lib/ruby/gems/2.5.0/gems/winrm-2.3.1/lib/winrm/shells/retryable.rb:35:in `retryable&apos;</string>
    <string>	from /opt/chefdk/embedded/lib/ruby/gems/2.5.0/gems/winrm-2.3.1/lib/winrm/shells/base.rb:167:in `open&apos;</string>
    <string>	from /opt/chefdk/embedded/lib/ruby/gems/2.5.0/gems/winrm-2.3.1/lib/winrm/shells/base.rb:128:in `with_command_shell&apos;</string>
    <string>	from /opt/chefdk/embedded/lib/ruby/gems/2.5.0/gems/winrm-2.3.1/lib/winrm/shells/base.rb:79:in `run&apos;</string>
    <string>	from /opt/chefdk/embedded/lib/ruby/gems/2.5.0/gems/knife-windows-1.9.6/lib/chef/knife/winrm_session.rb:69:in `block in relay_command&apos;</string>
    <string>	from /opt/chefdk/embedded/lib/ruby/gems/2.5.0/gems/winrm-2.3.1/lib/winrm/connection.rb:42:in `shell&apos;</string>
    <string>	from /opt/chefdk/embedded/lib/ruby/gems/2.5.0/gems/knife-windows-1.9.6/lib/chef/knife/winrm_session.rb:67:in `relay_command&apos;</string>
    <string>	from /opt/chefdk/embedded/lib/ruby/gems/2.5.0/gems/knife-windows-1.9.6/lib/chef/knife/winrm_knife_base.rb:143:in `run_command_in_thread&apos;</string>
    <string>	from /opt/chefdk/embedded/lib/ruby/gems/2.5.0/gems/knife-windows-1.9.6/lib/chef/knife/winrm_knife_base.rb:132:in `block (2 levels) in relay_winrm_command&apos;</string>
    <string>	from /opt/chefdk/embedded/lib/ruby/gems/2.5.0/gems/logging-2.2.2/lib/logging/diagnostic_context.rb:474:in `block in create_with_logging_context&apos;</string>
    <string>#&lt;Thread:0x00007f1110019528@/opt/chefdk/embedded/lib/ruby/gems/2.5.0/gems/logging-2.2.2/lib/logging/diagnostic_context.rb:471 run&gt; terminated with exception (report_on_exception is true):</string>
    <string>/opt/chefdk/embedded/lib/ruby/gems/2.5.0/gems/httpclient-2.8.3/lib/httpclient/session.rb:625:in `rescue in create_socket&apos;: getaddrinfo: Name or service not known (bamboochefwindowsphp.zippyops.com:5985) (SocketError)</string>
    <string>	from /opt/chefdk/embedded/lib/ruby/gems/2.5.0/gems/httpclient-2.8.3/lib/httpclient/session.rb:607:in `create_socket&apos;</string>
    <string>	from /opt/chefdk/embedded/lib/ruby/gems/2.5.0/gems/httpclient-2.8.3/lib/httpclient/session.rb:755:in `block in connect&apos;</string>
    <string>	from /opt/chefdk/embedded/lib/ruby/2.5.0/timeout.rb:93:in `block in timeout&apos;</string>
    <string>	from /opt/chefdk/embedded/lib/ruby/2.5.0/timeout.rb:103:in `timeout&apos;</string>
    <string>	from /opt/chefdk/embedded/lib/ruby/gems/2.5.0/gems/httpclient-2.8.3/lib/httpclient/session.rb:748:in `connect&apos;</string>
    <string>	from /opt/chefdk/embedded/lib/ruby/gems/2.5.0/gems/httpclient-2.8.3/lib/httpclient/session.rb:511:in `query&apos;</string>
    <string>	from /opt/chefdk/embedded/lib/ruby/gems/2.5.0/gems/httpclient-2.8.3/lib/httpclient/session.rb:177:in `query&apos;</string>
    <string>	from /opt/chefdk/embedded/lib/ruby/gems/2.5.0/gems/httpclient-2.8.3/lib/httpclient.rb:1242:in `do_get_block&apos;</string>
    <string>	from /opt/chefdk/embedded/lib/ruby/gems/2.5.0/gems/httpclient-2.8.3/lib/httpclient.rb:1019:in `block in do_request&apos;</string>
    <string>	from /opt/chefdk/embedded/lib/ruby/gems/2.5.0/gems/httpclient-2.8.3/lib/httpclient.rb:1133:in `protect_keep_alive_disconnected&apos;</string>
    <string>	from /opt/chefdk/embedded/lib/ruby/gems/2.5.0/gems/httpclient-2.8.3/lib/httpclient.rb:1014:in `do_request&apos;</string>
    <string>	from /opt/chefdk/embedded/lib/ruby/gems/2.5.0/gems/httpclient-2.8.3/lib/httpclient.rb:856:in `request&apos;</string>
    <string>	from /opt/chefdk/embedded/lib/ruby/gems/2.5.0/gems/httpclient-2.8.3/lib/httpclient.rb:765:in `post&apos;</string>
    <string>	from /opt/chefdk/embedded/lib/ruby/gems/2.5.0/gems/winrm-2.3.1/lib/winrm/http/transport.rb:236:in `init_auth&apos;</string>
    <string>	from /opt/chefdk/embedded/lib/ruby/gems/2.5.0/gems/winrm-2.3.1/lib/winrm/http/transport.rb:168:in `send_request&apos;</string>
    <string>	from /opt/chefdk/embedded/lib/ruby/gems/2.5.0/gems/winrm-2.3.1/lib/winrm/shells/cmd.rb:54:in `open_shell&apos;</string>
    <string>	from /opt/chefdk/embedded/lib/ruby/gems/2.5.0/gems/winrm-2.3.1/lib/winrm/shells/base.rb:169:in `block in open&apos;</string>
    <string>	from /opt/chefdk/embedded/lib/ruby/gems/2.5.0/gems/winrm-2.3.1/lib/winrm/shells/retryable.rb:35:in `retryable&apos;</string>
    <string>	from /opt/chefdk/embedded/lib/ruby/gems/2.5.0/gems/winrm-2.3.1/lib/winrm/shells/base.rb:167:in `open&apos;</string>
    <string>	from /opt/chefdk/embedded/lib/ruby/gems/2.5.0/gems/winrm-2.3.1/lib/winrm/shells/base.rb:128:in `with_command_shell&apos;</string>
    <string>	from /opt/chefdk/embedded/lib/ruby/gems/2.5.0/gems/winrm-2.3.1/lib/winrm/shells/base.rb:79:in `run&apos;</string>
    <string>	from /opt/chefdk/embedded/lib/ruby/gems/2.5.0/gems/knife-windows-1.9.6/lib/chef/knife/winrm_session.rb:69:in `block in relay_command&apos;</string>
    <string>	from /opt/chefdk/embedded/lib/ruby/gems/2.5.0/gems/winrm-2.3.1/lib/winrm/connection.rb:42:in `shell&apos;</string>
    <string>	from /opt/chefdk/embedded/lib/ruby/gems/2.5.0/gems/knife-windows-1.9.6/lib/chef/knife/winrm_session.rb:67:in `relay_command&apos;</string>
    <string>	from /opt/chefdk/embedded/lib/ruby/gems/2.5.0/gems/knife-windows-1.9.6/lib/chef/knife/winrm_knife_base.rb:143:in `run_command_in_thread&apos;</string>
    <string>	from /opt/chefdk/embedded/lib/ruby/gems/2.5.0/gems/knife-windows-1.9.6/lib/chef/knife/winrm_knife_base.rb:132:in `block (2 levels) in relay_winrm_command&apos;</string>
    <string>	from /opt/chefdk/embedded/lib/ruby/gems/2.5.0/gems/logging-2.2.2/lib/logging/diagnostic_context.rb:474:in `block in create_with_logging_context&apos;</string>
    <string>Build was manually stopped.</string>
  </myBuildErrors>
  <myBuildNumber>11</myBuildNumber>
  <myBuildDate>1570598620263</myBuildDate>
  <myBuildDuration>36552</myBuildDuration>
  <mySuccessfulTestResults class="empty-list"/>
</BuildResults>