<BuildResults>
  <myReasonForBuild>
    <myReason>Manual build</myReason>
  </myReasonForBuild>
  <myBuildState>
    <myState>Failed</myState>
  </myBuildState>
  <myBuildErrors class="com.atlassian.bamboo.collections.message.FinalArrayList">
    <string>ERROR: EOFError: end of file reached</string>
  </myBuildErrors>
  <myBuildNumber>6</myBuildNumber>
  <myBuildDate>1570095853405</myBuildDate>
  <myBuildDuration>5225</myBuildDuration>
  <mySuccessfulTestResults class="empty-list"/>
</BuildResults>