<BuildResults>
  <myReasonForBuild>
    <myReason>Manual build</myReason>
  </myReasonForBuild>
  <myBuildState>
    <myState>Successful</myState>
  </myBuildState>
  <myBuildErrors class="com.atlassian.bamboo.collections.message.FinalArrayList">
    <string>Creating new client for bamboochefcentosphp.zippyops.com</string>
    <string>Creating new node for bamboochefcentosphp.zippyops.com</string>
    <string>Connecting to bamboochefcentosphp.zippyops.com</string>
  </myBuildErrors>
  <myBuildNumber>7</myBuildNumber>
  <myBuildDate>1570097633450</myBuildDate>
  <myBuildDuration>17707</myBuildDuration>
  <mySuccessfulTestResults class="empty-list"/>
</BuildResults>