<BuildResults>
  <myReasonForBuild>
    <myReason>Manual build</myReason>
  </myReasonForBuild>
  <myBuildState>
    <myState>Unknown</myState>
  </myBuildState>
  <myBuildErrors class="com.atlassian.bamboo.collections.message.FinalArrayList">
    <string>Creating new client for bamboochefcentosphp.zippyops.com</string>
    <string>Creating new node for bamboochefcentosphp.zippyops.com</string>
    <string>Connecting to bamboochefcentosphp.zippyops.com</string>
    <string>Creating new client for bamboochefubuntuphp.zippyops.com</string>
    <string>Creating new node for bamboochefubuntuphp.zippyops.com</string>
    <string>Connecting to bamboochefubuntuphp.zippyops.com</string>
    <string>Build was manually stopped.</string>
  </myBuildErrors>
  <myBuildNumber>9</myBuildNumber>
  <myBuildDate>1570168507173</myBuildDate>
  <myBuildDuration>751201</myBuildDuration>
  <mySuccessfulTestResults class="empty-list"/>
</BuildResults>