<BuildResults>
  <myReasonForBuild>
    <myReason>Manual build</myReason>
  </myReasonForBuild>
  <myBuildState>
    <myState>Failed</myState>
  </myBuildState>
  <myBuildErrors class="com.atlassian.bamboo.collections.message.FinalArrayList">
    <string>Creating new client for bamboochefcentosphp.zippyops.com</string>
    <string>Creating new node for bamboochefcentosphp.zippyops.com</string>
    <string>Connecting to bamboochefcentosphp.zippyops.com</string>
    <string>Creating new client for bamboochefubuntuphp.zippyops.com</string>
    <string>Creating new node for bamboochefubuntuphp.zippyops.com</string>
    <string>Connecting to bamboochefubuntuphp.zippyops.com</string>
    <string>Creating new client for bamboochefwindowsphp.zippyops.com</string>
    <string>Creating new node for bamboochefwindowsphp.zippyops.com</string>
    <string>Remote node responded after 0.13 minutes.</string>
    <string>Bootstrapping Chef on bamboochefwindowsphp.zippyops.com</string>
    <string>ERROR: Failed to execute command on bamboochefwindowsphp.zippyops.com return code 1</string>
    <string>ERROR: Bootstrap command returned 1</string>
    <string>FATAL: Cannot find subcommand for: &apos;node run_list bamboochefwindowsphp.zippyops.com role[Bamboowordpressphp]&apos;</string>
  </myBuildErrors>
  <myBuildNumber>8</myBuildNumber>
  <myBuildDate>1570097863060</myBuildDate>
  <myBuildDuration>359101</myBuildDuration>
  <mySuccessfulTestResults class="empty-list"/>
</BuildResults>