<BuildResults>
  <myReasonForBuild>
    <myReason>Dependency build</myReason>
  </myReasonForBuild>
  <myBuildState>
    <myState>Successful</myState>
  </myBuildState>
  <myBuildErrors class="com.atlassian.bamboo.collections.message.FinalArrayList">
    <string>@@@@@@@@@@@@@@@@@@@@@@@@@@@@@@@@@@@@@@@@@@@@@@@@@@@@@@@@@@@</string>
    <string>@    WARNING: REMOTE HOST IDENTIFICATION HAS CHANGED!     @</string>
    <string>@@@@@@@@@@@@@@@@@@@@@@@@@@@@@@@@@@@@@@@@@@@@@@@@@@@@@@@@@@@</string>
    <string>IT IS POSSIBLE THAT SOMEONE IS DOING SOMETHING NASTY!</string>
    <string>Someone could be eavesdropping on you right now (man-in-the-middle attack)!</string>
    <string>It is also possible that a host key has just been changed.</string>
    <string>The fingerprint for the ECDSA key sent by the remote host is</string>
    <string>SHA256:+76pwXp3SMyaudU9ceSpWSLl0ku08RkeETPL+gjHGxo.</string>
    <string>Please contact your system administrator.</string>
    <string>Add correct host key in /root/.ssh/known_hosts to get rid of this message.</string>
    <string>Offending ECDSA key in /root/.ssh/known_hosts:25</string>
    <string>Password authentication is disabled to avoid man-in-the-middle attacks.</string>
    <string>Keyboard-interactive authentication is disabled to avoid man-in-the-middle attacks.</string>
    <string>&#x1b;[1;31mError: Could not set &apos;latest&apos; on ensure: No such file or directory @ rb_file_s_rename - (/tmp/remote_file20191021-3529-175k46x, /opt/tomcat/webapps/newapp-0.0.1-SNAPSHOT.war) (file: /etc/puppetlabs/code/environments/production/modules/remote/manifests/init.pp, line: 2)&#x1b;[0m</string>
    <string>&#x1b;[1;31mError: Could not set &apos;latest&apos; on ensure: No such file or directory @ rb_file_s_rename - (/tmp/remote_file20191021-3529-175k46x, /opt/tomcat/webapps/newapp-0.0.1-SNAPSHOT.war) (file: /etc/puppetlabs/code/environments/production/modules/remote/manifests/init.pp, line: 2)</string>
    <string>Wrapped exception:</string>
    <string>No such file or directory @ rb_file_s_rename - (/tmp/remote_file20191021-3529-175k46x, /opt/tomcat/webapps/newapp-0.0.1-SNAPSHOT.war)&#x1b;[0m</string>
    <string>&#x1b;[1;31mError: /Stage[main]/Remote/Remote_file[java-sample-app-1.0.0.war]/ensure: change from &apos;absent&apos; to 1571640771 failed: Could not set &apos;latest&apos; on ensure: No such file or directory @ rb_file_s_rename - (/tmp/remote_file20191021-3529-175k46x, /opt/tomcat/webapps/newapp-0.0.1-SNAPSHOT.war) (file: /etc/puppetlabs/code/environments/production/modules/remote/manifests/init.pp, line: 2)&#x1b;[0m</string>
    <string>&#x1b;[1;31mError: Systemd start for tomcat failed!</string>
    <string>journalctl log for tomcat:</string>
    <string>-- Logs begin at Mon 2019-10-21 12:50:48 IST, end at Mon 2019-10-21 13:10:36 IST. --</string>
    <string>Oct 21 13:10:36 pepuppetcentosbamboojava.zippyops.com systemd[1]: Starting Apache Tomcat Web Application Container...</string>
    <string>Oct 21 13:10:36 pepuppetcentosbamboojava.zippyops.com systemd[1]: tomcat.service: control process exited, code=exited status=217</string>
    <string>Oct 21 13:10:36 pepuppetcentosbamboojava.zippyops.com systemd[1]: Failed to start Apache Tomcat Web Application Container.</string>
    <string>Oct 21 13:10:36 pepuppetcentosbamboojava.zippyops.com systemd[1]: Unit tomcat.service entered failed state.</string>
    <string>Oct 21 13:10:36 pepuppetcentosbamboojava.zippyops.com systemd[1]: tomcat.service failed.</string>
    <string>&#x1b;[0m</string>
    <string>&#x1b;[1;31mError: /Stage[main]/Remote/Service[tomcat]/ensure: change from &apos;stopped&apos; to &apos;running&apos; failed: Systemd start for tomcat failed!</string>
    <string>journalctl log for tomcat:</string>
    <string>-- Logs begin at Mon 2019-10-21 12:50:48 IST, end at Mon 2019-10-21 13:10:36 IST. --</string>
    <string>Oct 21 13:10:36 pepuppetcentosbamboojava.zippyops.com systemd[1]: Starting Apache Tomcat Web Application Container...</string>
    <string>Oct 21 13:10:36 pepuppetcentosbamboojava.zippyops.com systemd[1]: tomcat.service: control process exited, code=exited status=217</string>
    <string>Oct 21 13:10:36 pepuppetcentosbamboojava.zippyops.com systemd[1]: Failed to start Apache Tomcat Web Application Container.</string>
    <string>Oct 21 13:10:36 pepuppetcentosbamboojava.zippyops.com systemd[1]: Unit tomcat.service entered failed state.</string>
    <string>Oct 21 13:10:36 pepuppetcentosbamboojava.zippyops.com systemd[1]: tomcat.service failed.</string>
    <string>&#x1b;[0m</string>
    <string>&#x1b;[1;31mError: &apos;systemctl restart tomcat&apos; returned 1 instead of one of [0]&#x1b;[0m</string>
    <string>&#x1b;[1;31mError: /Stage[main]/Remote/Exec[tomcat-reload]/returns: change from &apos;notrun&apos; to [&apos;0&apos;] failed: &apos;systemctl restart tomcat&apos; returned 1 instead of one of [0]&#x1b;[0m</string>
    <string>&#x1b;[1;31mError: &apos;systemctl restart tomcat&apos; returned 1 instead of one of [0]&#x1b;[0m</string>
    <string>&#x1b;[1;31mError: /Stage[main]/Tamil_tomcat/Exec[tomcat-reload1]/returns: change from &apos;notrun&apos; to [&apos;0&apos;] failed: &apos;systemctl restart tomcat&apos; returned 1 instead of one of [0]&#x1b;[0m</string>
    <string>&#x1b;[1;31mError: &apos;systemctl restart tomcat&apos; returned 1 instead of one of [0]&#x1b;[0m</string>
    <string>&#x1b;[1;31mError: /Stage[main]/Tamil_tomcat/Exec[centtomcat-reload1]/returns: change from &apos;notrun&apos; to [&apos;0&apos;] failed: &apos;systemctl restart tomcat&apos; returned 1 instead of one of [0]&#x1b;[0m</string>
    <string>&#x1b;[1;33mWarning: /Stage[main]/Remote/File[/opt/tomcat/webapps/newapp-0.0.1-SNAPSHOT.war]: Skipping because of failed dependencies&#x1b;[0m</string>
    <string>&#x1b;[1;31mError: Could not set &apos;file&apos; on ensure: No such file or directory @ dir_s_mkdir - /opt/tomcat/webapps/manager/META-INF/context.xml20191021-3529-jjqhwn.lock (file: /etc/puppetlabs/code/environments/production/modules/remote/manifests/init.pp, line: 20)&#x1b;[0m</string>
    <string>&#x1b;[1;31mError: Could not set &apos;file&apos; on ensure: No such file or directory @ dir_s_mkdir - /opt/tomcat/webapps/manager/META-INF/context.xml20191021-3529-jjqhwn.lock (file: /etc/puppetlabs/code/environments/production/modules/remote/manifests/init.pp, line: 20)</string>
    <string>Wrapped exception:</string>
    <string>No such file or directory @ dir_s_mkdir - /opt/tomcat/webapps/manager/META-INF/context.xml20191021-3529-jjqhwn.lock&#x1b;[0m</string>
    <string>&#x1b;[1;31mError: /Stage[main]/Remote/File[manager]/ensure: change from &apos;absent&apos; to &apos;file&apos; failed: Could not set &apos;file&apos; on ensure: No such file or directory @ dir_s_mkdir - /opt/tomcat/webapps/manager/META-INF/context.xml20191021-3529-jjqhwn.lock (file: /etc/puppetlabs/code/environments/production/modules/remote/manifests/init.pp, line: 20)&#x1b;[0m</string>
    <string>&#x1b;[1;31mError: Could not set &apos;file&apos; on ensure: No such file or directory @ dir_s_mkdir - /opt/tomcat/webapps/host-manager/META-INF/context.xml20191021-3529-1ux68oc.lock (file: /etc/puppetlabs/code/environments/production/modules/remote/manifests/init.pp, line: 25)&#x1b;[0m</string>
    <string>&#x1b;[1;31mError: Could not set &apos;file&apos; on ensure: No such file or directory @ dir_s_mkdir - /opt/tomcat/webapps/host-manager/META-INF/context.xml20191021-3529-1ux68oc.lock (file: /etc/puppetlabs/code/environments/production/modules/remote/manifests/init.pp, line: 25)</string>
    <string>Wrapped exception:</string>
    <string>No such file or directory @ dir_s_mkdir - /opt/tomcat/webapps/host-manager/META-INF/context.xml20191021-3529-1ux68oc.lock&#x1b;[0m</string>
    <string>&#x1b;[1;31mError: /Stage[main]/Remote/File[host-manager]/ensure: change from &apos;absent&apos; to &apos;file&apos; failed: Could not set &apos;file&apos; on ensure: No such file or directory @ dir_s_mkdir - /opt/tomcat/webapps/host-manager/META-INF/context.xml20191021-3529-1ux68oc.lock (file: /etc/puppetlabs/code/environments/production/modules/remote/manifests/init.pp, line: 25)&#x1b;[0m</string>
    <string>@@@@@@@@@@@@@@@@@@@@@@@@@@@@@@@@@@@@@@@@@@@@@@@@@@@@@@@@@@@</string>
    <string>@    WARNING: REMOTE HOST IDENTIFICATION HAS CHANGED!     @</string>
    <string>@@@@@@@@@@@@@@@@@@@@@@@@@@@@@@@@@@@@@@@@@@@@@@@@@@@@@@@@@@@</string>
    <string>IT IS POSSIBLE THAT SOMEONE IS DOING SOMETHING NASTY!</string>
    <string>Someone could be eavesdropping on you right now (man-in-the-middle attack)!</string>
    <string>It is also possible that a host key has just been changed.</string>
    <string>The fingerprint for the ECDSA key sent by the remote host is</string>
    <string>SHA256:+76pwXp3SMyaudU9ceSpWSLl0ku08RkeETPL+gjHGxo.</string>
    <string>Please contact your system administrator.</string>
    <string>Add correct host key in /root/.ssh/known_hosts to get rid of this message.</string>
    <string>Offending ECDSA key in /root/.ssh/known_hosts:25</string>
    <string>Password authentication is disabled to avoid man-in-the-middle attacks.</string>
    <string>Keyboard-interactive authentication is disabled to avoid man-in-the-middle attacks.</string>
    <string>@@@@@@@@@@@@@@@@@@@@@@@@@@@@@@@@@@@@@@@@@@@@@@@@@@@@@@@@@@@</string>
    <string>@    WARNING: REMOTE HOST IDENTIFICATION HAS CHANGED!     @</string>
    <string>@@@@@@@@@@@@@@@@@@@@@@@@@@@@@@@@@@@@@@@@@@@@@@@@@@@@@@@@@@@</string>
    <string>IT IS POSSIBLE THAT SOMEONE IS DOING SOMETHING NASTY!</string>
    <string>Someone could be eavesdropping on you right now (man-in-the-middle attack)!</string>
    <string>It is also possible that a host key has just been changed.</string>
    <string>The fingerprint for the ECDSA key sent by the remote host is</string>
    <string>SHA256:+76pwXp3SMyaudU9ceSpWSLl0ku08RkeETPL+gjHGxo.</string>
    <string>Please contact your system administrator.</string>
    <string>Add correct host key in /root/.ssh/known_hosts to get rid of this message.</string>
    <string>Offending ECDSA key in /root/.ssh/known_hosts:25</string>
    <string>Password authentication is disabled to avoid man-in-the-middle attacks.</string>
    <string>Keyboard-interactive authentication is disabled to avoid man-in-the-middle attacks.</string>
  </myBuildErrors>
  <myBuildNumber>26</myBuildNumber>
  <myBuildDate>1571643198757</myBuildDate>
  <myBuildDuration>635464</myBuildDuration>
  <mySuccessfulTestResults class="empty-list"/>
</BuildResults>