<BuildResults>
  <myReasonForBuild>
    <myReason>Manual build</myReason>
  </myReasonForBuild>
  <myBuildState>
    <myState>Successful</myState>
  </myBuildState>
  <myBuildErrors class="com.atlassian.bamboo.collections.message.FinalArrayList">
    <string>&#x1b;[1;31mError: Could not retrieve catalog from remote server: Error 500 on SERVER: Server Error: Unacceptable location. The name &apos;remote&apos; is unacceptable in file &apos;/etc/puppetlabs/code/environments/production/modules/bambooremote/manifests/init.pp&apos; (file: /etc/puppetlabs/code/environments/production/modules/bambooremote/manifests/init.pp, line: 1, column: 1) on node puppetcentosbamboojava.zippyops.com&#x1b;[0m</string>
    <string>&#x1b;[1;33mWarning: Not using cache on failed catalog&#x1b;[0m</string>
    <string>&#x1b;[1;31mError: Could not retrieve catalog; skipping run&#x1b;[0m</string>
    <string>&#x1b;[1;31mError: Could not retrieve catalog from remote server: Error 500 on SERVER: Server Error: Unacceptable location. The name &apos;remote&apos; is unacceptable in file &apos;/etc/puppetlabs/code/environments/production/modules/bambooremote/manifests/init.pp&apos; (file: /etc/puppetlabs/code/environments/production/modules/bambooremote/manifests/init.pp, line: 1, column: 1) on node puppetcentosbamboojava.zippyops.com&#x1b;[0m</string>
    <string>&#x1b;[1;33mWarning: Not using cache on failed catalog&#x1b;[0m</string>
    <string>&#x1b;[1;31mError: Could not retrieve catalog; skipping run&#x1b;[0m</string>
    <string>&#x1b;[1;31mError: Could not retrieve catalog from remote server: Error 500 on SERVER: Server Error: Unacceptable location. The name &apos;remote&apos; is unacceptable in file &apos;/etc/puppetlabs/code/environments/production/modules/bambooremote/manifests/init.pp&apos; (file: /etc/puppetlabs/code/environments/production/modules/bambooremote/manifests/init.pp, line: 1, column: 1) on node puppetcentosbamboojava.zippyops.com&#x1b;[0m</string>
    <string>&#x1b;[1;33mWarning: Not using cache on failed catalog&#x1b;[0m</string>
    <string>&#x1b;[1;31mError: Could not retrieve catalog; skipping run&#x1b;[0m</string>
  </myBuildErrors>
  <myBuildNumber>6</myBuildNumber>
  <myBuildDate>1570779348147</myBuildDate>
  <myBuildDuration>29483</myBuildDuration>
  <mySuccessfulTestResults class="empty-list"/>
</BuildResults>