<BuildResults>
  <myReasonForBuild>
    <myReason>Dependency build</myReason>
  </myReasonForBuild>
  <myBuildState>
    <myState>Successful</myState>
  </myBuildState>
  <myBuildErrors class="com.atlassian.bamboo.collections.message.FinalArrayList">
    <string>&#x1b;[1;31mError: /File[/opt/puppetlabs/puppet/cache/facts.d]: Failed to generate additional resources using &apos;eval_generate&apos;: Error 500 on SERVER: Server Error: Permission denied - /etc/puppetlabs/code/environments/production/modules/bamboo_tomcat/metadata.json&#x1b;[0m</string>
    <string>&#x1b;[1;31mError: /File[/opt/puppetlabs/puppet/cache/facts.d]: Could not evaluate: Could not retrieve file metadata for puppet:///pluginfacts: Error 500 on SERVER: Server Error: Permission denied - /etc/puppetlabs/code/environments/production/modules/bamboo_tomcat/metadata.json&#x1b;[0m</string>
    <string>&#x1b;[1;31mError: /File[/opt/puppetlabs/puppet/cache/lib]: Failed to generate additional resources using &apos;eval_generate&apos;: Error 500 on SERVER: Server Error: Permission denied - /etc/puppetlabs/code/environments/production/modules/bamboo_tomcat/metadata.json&#x1b;[0m</string>
    <string>&#x1b;[1;31mError: /File[/opt/puppetlabs/puppet/cache/lib]: Could not evaluate: Could not retrieve file metadata for puppet:///plugins: Error 500 on SERVER: Server Error: Permission denied - /etc/puppetlabs/code/environments/production/modules/bamboo_tomcat/metadata.json&#x1b;[0m</string>
    <string>&#x1b;[1;31mError: /File[/opt/puppetlabs/puppet/cache/locales]: Failed to generate additional resources using &apos;eval_generate&apos;: Error 500 on SERVER: Server Error: Permission denied - /etc/puppetlabs/code/environments/production/modules/bamboo_tomcat/metadata.json&#x1b;[0m</string>
    <string>&#x1b;[1;31mError: /File[/opt/puppetlabs/puppet/cache/locales]: Could not evaluate: Could not retrieve file metadata for puppet:///locales: Error 500 on SERVER: Server Error: Permission denied - /etc/puppetlabs/code/environments/production/modules/bamboo_tomcat/metadata.json&#x1b;[0m</string>
    <string>&#x1b;[1;31mError: Could not retrieve catalog from remote server: Error 500 on SERVER: Server Error: Permission denied - /etc/puppetlabs/code/environments/production/modules/bamboo_tomcat/metadata.json&#x1b;[0m</string>
    <string>&#x1b;[1;33mWarning: Not using cache on failed catalog&#x1b;[0m</string>
    <string>&#x1b;[1;31mError: Could not retrieve catalog; skipping run&#x1b;[0m</string>
    <string>&#x1b;[1;31mError: /File[/opt/puppetlabs/puppet/cache/facts.d]: Failed to generate additional resources using &apos;eval_generate&apos;: Error 500 on SERVER: Server Error: Permission denied - /etc/puppetlabs/code/environments/production/modules/bamboo_tomcat/metadata.json&#x1b;[0m</string>
    <string>&#x1b;[1;31mError: /File[/opt/puppetlabs/puppet/cache/facts.d]: Could not evaluate: Could not retrieve file metadata for puppet:///pluginfacts: Error 500 on SERVER: Server Error: Permission denied - /etc/puppetlabs/code/environments/production/modules/bamboo_tomcat/metadata.json&#x1b;[0m</string>
    <string>&#x1b;[1;31mError: /File[/opt/puppetlabs/puppet/cache/lib]: Failed to generate additional resources using &apos;eval_generate&apos;: Error 500 on SERVER: Server Error: Permission denied - /etc/puppetlabs/code/environments/production/modules/bamboo_tomcat/metadata.json&#x1b;[0m</string>
    <string>&#x1b;[1;31mError: /File[/opt/puppetlabs/puppet/cache/lib]: Could not evaluate: Could not retrieve file metadata for puppet:///plugins: Error 500 on SERVER: Server Error: Permission denied - /etc/puppetlabs/code/environments/production/modules/bamboo_tomcat/metadata.json&#x1b;[0m</string>
    <string>&#x1b;[1;31mError: /File[/opt/puppetlabs/puppet/cache/locales]: Failed to generate additional resources using &apos;eval_generate&apos;: Error 500 on SERVER: Server Error: Permission denied - /etc/puppetlabs/code/environments/production/modules/bamboo_tomcat/metadata.json&#x1b;[0m</string>
    <string>&#x1b;[1;31mError: /File[/opt/puppetlabs/puppet/cache/locales]: Could not evaluate: Could not retrieve file metadata for puppet:///locales: Error 500 on SERVER: Server Error: Permission denied - /etc/puppetlabs/code/environments/production/modules/bamboo_tomcat/metadata.json&#x1b;[0m</string>
    <string>&#x1b;[1;31mError: Could not retrieve catalog from remote server: Error 500 on SERVER: Server Error: Permission denied - /etc/puppetlabs/code/environments/production/modules/bamboo_tomcat/metadata.json&#x1b;[0m</string>
    <string>&#x1b;[1;33mWarning: Not using cache on failed catalog&#x1b;[0m</string>
    <string>&#x1b;[1;31mError: Could not retrieve catalog; skipping run&#x1b;[0m</string>
    <string>&#x1b;[1;31mError: /File[/opt/puppetlabs/puppet/cache/facts.d]: Failed to generate additional resources using &apos;eval_generate&apos;: Error 500 on SERVER: Server Error: Permission denied - /etc/puppetlabs/code/environments/production/modules/bamboo_tomcat/metadata.json&#x1b;[0m</string>
    <string>&#x1b;[1;31mError: /File[/opt/puppetlabs/puppet/cache/facts.d]: Could not evaluate: Could not retrieve file metadata for puppet:///pluginfacts: Error 500 on SERVER: Server Error: Permission denied - /etc/puppetlabs/code/environments/production/modules/bamboo_tomcat/metadata.json&#x1b;[0m</string>
    <string>&#x1b;[1;31mError: /File[/opt/puppetlabs/puppet/cache/lib]: Failed to generate additional resources using &apos;eval_generate&apos;: Error 500 on SERVER: Server Error: Permission denied - /etc/puppetlabs/code/environments/production/modules/bamboo_tomcat/metadata.json&#x1b;[0m</string>
    <string>&#x1b;[1;31mError: /File[/opt/puppetlabs/puppet/cache/lib]: Could not evaluate: Could not retrieve file metadata for puppet:///plugins: Error 500 on SERVER: Server Error: Permission denied - /etc/puppetlabs/code/environments/production/modules/bamboo_tomcat/metadata.json&#x1b;[0m</string>
    <string>&#x1b;[1;31mError: /File[/opt/puppetlabs/puppet/cache/locales]: Failed to generate additional resources using &apos;eval_generate&apos;: Error 500 on SERVER: Server Error: Permission denied - /etc/puppetlabs/code/environments/production/modules/bamboo_tomcat/metadata.json&#x1b;[0m</string>
    <string>&#x1b;[1;31mError: /File[/opt/puppetlabs/puppet/cache/locales]: Could not evaluate: Could not retrieve file metadata for puppet:///locales: Error 500 on SERVER: Server Error: Permission denied - /etc/puppetlabs/code/environments/production/modules/bamboo_tomcat/metadata.json&#x1b;[0m</string>
    <string>&#x1b;[1;31mError: Could not retrieve catalog from remote server: Error 500 on SERVER: Server Error: Permission denied - /etc/puppetlabs/code/environments/production/modules/bamboo_tomcat/metadata.json&#x1b;[0m</string>
    <string>&#x1b;[1;33mWarning: Not using cache on failed catalog&#x1b;[0m</string>
    <string>&#x1b;[1;31mError: Could not retrieve catalog; skipping run&#x1b;[0m</string>
  </myBuildErrors>
  <myBuildNumber>12</myBuildNumber>
  <myBuildDate>1570783146790</myBuildDate>
  <myBuildDuration>30488</myBuildDuration>
  <mySuccessfulTestResults class="empty-list"/>
</BuildResults>