<BuildResults>
  <myReasonForBuild>
    <myReason>Manual build</myReason>
  </myReasonForBuild>
  <myBuildState>
    <myState>Successful</myState>
  </myBuildState>
  <myBuildErrors class="com.atlassian.bamboo.collections.message.FinalArrayList">
    <string>Warning: Permanently added &apos;puppetcentosbamboojava.zippyops.com,192.168.2.72&apos; (ECDSA) to the list of known hosts.</string>
  </myBuildErrors>
  <myBuildNumber>1</myBuildNumber>
  <myBuildDate>1570772234090</myBuildDate>
  <myBuildDuration>63786</myBuildDuration>
  <mySuccessfulTestResults class="empty-list"/>
</BuildResults>