<BuildResults>
  <myReasonForBuild>
    <myReason>Manual build</myReason>
  </myReasonForBuild>
  <myBuildState>
    <myState>Successful</myState>
  </myBuildState>
  <myBuildErrors class="com.atlassian.bamboo.collections.message.FinalArrayList">
    <string>&#x1b;[1;31mError: Could not set &apos;latest&apos; on ensure: No such file or directory @ rb_file_s_rename - (/tmp/remote_file20191011-4128-1hdtkcz, /opt/tomcat/webapps/newapp-0.0.1-SNAPSHOT.war) (file: /etc/puppetlabs/code/environments/production/modules/remote/manifests/init.pp, line: 2)&#x1b;[0m</string>
    <string>&#x1b;[1;31mError: Could not set &apos;latest&apos; on ensure: No such file or directory @ rb_file_s_rename - (/tmp/remote_file20191011-4128-1hdtkcz, /opt/tomcat/webapps/newapp-0.0.1-SNAPSHOT.war) (file: /etc/puppetlabs/code/environments/production/modules/remote/manifests/init.pp, line: 2)</string>
    <string>Wrapped exception:</string>
    <string>No such file or directory @ rb_file_s_rename - (/tmp/remote_file20191011-4128-1hdtkcz, /opt/tomcat/webapps/newapp-0.0.1-SNAPSHOT.war)&#x1b;[0m</string>
    <string>&#x1b;[1;31mError: /Stage[main]/Remote/Remote_file[java-sample-app-1.0.0.war]/ensure: change from &apos;absent&apos; to 1560343200 failed: Could not set &apos;latest&apos; on ensure: No such file or directory @ rb_file_s_rename - (/tmp/remote_file20191011-4128-1hdtkcz, /opt/tomcat/webapps/newapp-0.0.1-SNAPSHOT.war) (file: /etc/puppetlabs/code/environments/production/modules/remote/manifests/init.pp, line: 2)&#x1b;[0m</string>
    <string>&#x1b;[1;31mError: Systemd start for tomcat failed!</string>
    <string>journalctl log for tomcat:</string>
    <string>-- Logs begin at Fri 2019-10-11 10:42:28 IST, end at Fri 2019-10-11 11:37:21 IST. --</string>
    <string>Oct 11 11:37:21 puppetcentosbamboojava.zippyops.com systemd[1]: Starting Apache Tomcat Web Application Container...</string>
    <string>Oct 11 11:37:21 puppetcentosbamboojava.zippyops.com systemd[1]: tomcat.service: control process exited, code=exited status=217</string>
    <string>Oct 11 11:37:21 puppetcentosbamboojava.zippyops.com systemd[1]: Failed to start Apache Tomcat Web Application Container.</string>
    <string>Oct 11 11:37:21 puppetcentosbamboojava.zippyops.com systemd[1]: Unit tomcat.service entered failed state.</string>
    <string>Oct 11 11:37:21 puppetcentosbamboojava.zippyops.com systemd[1]: tomcat.service failed.</string>
    <string>&#x1b;[0m</string>
    <string>&#x1b;[1;31mError: /Stage[main]/Remote/Service[tomcat]/ensure: change from &apos;stopped&apos; to &apos;running&apos; failed: Systemd start for tomcat failed!</string>
    <string>journalctl log for tomcat:</string>
    <string>-- Logs begin at Fri 2019-10-11 10:42:28 IST, end at Fri 2019-10-11 11:37:21 IST. --</string>
    <string>Oct 11 11:37:21 puppetcentosbamboojava.zippyops.com systemd[1]: Starting Apache Tomcat Web Application Container...</string>
    <string>Oct 11 11:37:21 puppetcentosbamboojava.zippyops.com systemd[1]: tomcat.service: control process exited, code=exited status=217</string>
    <string>Oct 11 11:37:21 puppetcentosbamboojava.zippyops.com systemd[1]: Failed to start Apache Tomcat Web Application Container.</string>
    <string>Oct 11 11:37:21 puppetcentosbamboojava.zippyops.com systemd[1]: Unit tomcat.service entered failed state.</string>
    <string>Oct 11 11:37:21 puppetcentosbamboojava.zippyops.com systemd[1]: tomcat.service failed.</string>
    <string>&#x1b;[0m</string>
    <string>&#x1b;[1;31mError: &apos;systemctl restart tomcat&apos; returned 1 instead of one of [0]&#x1b;[0m</string>
    <string>&#x1b;[1;31mError: /Stage[main]/Remote/Exec[tomcat-reload]/returns: change from &apos;notrun&apos; to [&apos;0&apos;] failed: &apos;systemctl restart tomcat&apos; returned 1 instead of one of [0]&#x1b;[0m</string>
    <string>&#x1b;[1;31mError: &apos;systemctl restart tomcat&apos; returned 1 instead of one of [0]&#x1b;[0m</string>
    <string>&#x1b;[1;31mError: /Stage[main]/Tamil_tomcat/Exec[tomcat-reload1]/returns: change from &apos;notrun&apos; to [&apos;0&apos;] failed: &apos;systemctl restart tomcat&apos; returned 1 instead of one of [0]&#x1b;[0m</string>
    <string>&#x1b;[1;33mWarning: /Stage[main]/Remote/File[/opt/tomcat/webapps/newapp-0.0.1-SNAPSHOT.war]: Skipping because of failed dependencies&#x1b;[0m</string>
    <string>&#x1b;[1;31mError: Could not set &apos;file&apos; on ensure: No such file or directory @ dir_s_mkdir - /opt/tomcat/webapps/manager/META-INF/context.xml20191011-4128-1gxj853.lock (file: /etc/puppetlabs/code/environments/production/modules/remote/manifests/init.pp, line: 20)&#x1b;[0m</string>
    <string>&#x1b;[1;31mError: Could not set &apos;file&apos; on ensure: No such file or directory @ dir_s_mkdir - /opt/tomcat/webapps/manager/META-INF/context.xml20191011-4128-1gxj853.lock (file: /etc/puppetlabs/code/environments/production/modules/remote/manifests/init.pp, line: 20)</string>
    <string>Wrapped exception:</string>
    <string>No such file or directory @ dir_s_mkdir - /opt/tomcat/webapps/manager/META-INF/context.xml20191011-4128-1gxj853.lock&#x1b;[0m</string>
    <string>&#x1b;[1;31mError: /Stage[main]/Remote/File[manager]/ensure: change from &apos;absent&apos; to &apos;file&apos; failed: Could not set &apos;file&apos; on ensure: No such file or directory @ dir_s_mkdir - /opt/tomcat/webapps/manager/META-INF/context.xml20191011-4128-1gxj853.lock (file: /etc/puppetlabs/code/environments/production/modules/remote/manifests/init.pp, line: 20)&#x1b;[0m</string>
    <string>&#x1b;[1;31mError: Could not set &apos;file&apos; on ensure: No such file or directory @ dir_s_mkdir - /opt/tomcat/webapps/host-manager/META-INF/context.xml20191011-4128-myruh9.lock (file: /etc/puppetlabs/code/environments/production/modules/remote/manifests/init.pp, line: 25)&#x1b;[0m</string>
    <string>&#x1b;[1;31mError: Could not set &apos;file&apos; on ensure: No such file or directory @ dir_s_mkdir - /opt/tomcat/webapps/host-manager/META-INF/context.xml20191011-4128-myruh9.lock (file: /etc/puppetlabs/code/environments/production/modules/remote/manifests/init.pp, line: 25)</string>
    <string>Wrapped exception:</string>
    <string>No such file or directory @ dir_s_mkdir - /opt/tomcat/webapps/host-manager/META-INF/context.xml20191011-4128-myruh9.lock&#x1b;[0m</string>
    <string>&#x1b;[1;31mError: /Stage[main]/Remote/File[host-manager]/ensure: change from &apos;absent&apos; to &apos;file&apos; failed: Could not set &apos;file&apos; on ensure: No such file or directory @ dir_s_mkdir - /opt/tomcat/webapps/host-manager/META-INF/context.xml20191011-4128-myruh9.lock (file: /etc/puppetlabs/code/environments/production/modules/remote/manifests/init.pp, line: 25)&#x1b;[0m</string>
  </myBuildErrors>
  <myBuildNumber>2</myBuildNumber>
  <myBuildDate>1570773947419</myBuildDate>
  <myBuildDuration>156518</myBuildDuration>
  <mySuccessfulTestResults class="empty-list"/>
</BuildResults>