<BuildResults>
  <myReasonForBuild>
    <myReason>Dependency build</myReason>
  </myReasonForBuild>
  <myBuildState>
    <myState>Successful</myState>
  </myBuildState>
  <myBuildErrors class="com.atlassian.bamboo.collections.message.FinalArrayList">
    <string>&#x1b;[1;31mError: Could not retrieve catalog from remote server: Error 500 on SERVER: Server Error: Evaluation Error: Error while evaluating a Function Call, Could not find class ::bamboo_tomcat for puppetcentosbamboojava.zippyops.com (file: /etc/puppetlabs/code/environments/production/manifests/site.pp, line: 55, column: 9) on node puppetcentosbamboojava.zippyops.com&#x1b;[0m</string>
    <string>&#x1b;[1;33mWarning: Not using cache on failed catalog&#x1b;[0m</string>
    <string>&#x1b;[1;31mError: Could not retrieve catalog; skipping run&#x1b;[0m</string>
    <string>&#x1b;[1;31mError: Could not retrieve catalog from remote server: Error 500 on SERVER: Server Error: Evaluation Error: Error while evaluating a Function Call, Could not find class ::bamboo_tomcat for puppetcentosbamboojava.zippyops.com (file: /etc/puppetlabs/code/environments/production/manifests/site.pp, line: 55, column: 9) on node puppetcentosbamboojava.zippyops.com&#x1b;[0m</string>
    <string>&#x1b;[1;33mWarning: Not using cache on failed catalog&#x1b;[0m</string>
    <string>&#x1b;[1;31mError: Could not retrieve catalog; skipping run&#x1b;[0m</string>
    <string>&#x1b;[1;31mError: Could not retrieve catalog from remote server: Error 500 on SERVER: Server Error: Evaluation Error: Error while evaluating a Function Call, Could not find class ::bamboo_tomcat for puppetcentosbamboojava.zippyops.com (file: /etc/puppetlabs/code/environments/production/manifests/site.pp, line: 55, column: 9) on node puppetcentosbamboojava.zippyops.com&#x1b;[0m</string>
    <string>&#x1b;[1;33mWarning: Not using cache on failed catalog&#x1b;[0m</string>
    <string>&#x1b;[1;31mError: Could not retrieve catalog; skipping run&#x1b;[0m</string>
  </myBuildErrors>
  <myBuildNumber>9</myBuildNumber>
  <myBuildDate>1570781435866</myBuildDate>
  <myBuildDuration>30680</myBuildDuration>
  <mySuccessfulTestResults class="empty-list"/>
</BuildResults>