<BuildResults>
  <myReasonForBuild>
    <myReason>Dependency build</myReason>
  </myReasonForBuild>
  <myBuildState>
    <myState>Successful</myState>
  </myBuildState>
  <myBuildErrors class="com.atlassian.bamboo.collections.message.FinalArrayList">
    <string>journalctl log for tomcat:</string>
    <string>-- Logs begin at Mon 2019-10-21 13:46:52 IST, end at Mon 2019-10-21 14:46:22 IST. --</string>
    <string>Oct 21 14:46:22 pepuppetcentosbamboojava.zippyops.com systemd[1]: Starting Apache Tomcat Web Application Container...</string>
    <string>Oct 21 14:46:22 pepuppetcentosbamboojava.zippyops.com systemd[1]: tomcat.service: control process exited, code=exited status=217</string>
    <string>Oct 21 14:46:22 pepuppetcentosbamboojava.zippyops.com systemd[1]: Failed to start Apache Tomcat Web Application Container.</string>
    <string>Oct 21 14:46:22 pepuppetcentosbamboojava.zippyops.com systemd[1]: Unit tomcat.service entered failed state.</string>
    <string>Oct 21 14:46:22 pepuppetcentosbamboojava.zippyops.com systemd[1]: tomcat.service failed.</string>
    <string>&#x1b;[0m</string>
    <string>&#x1b;[1;31mError: /Stage[main]/Remote/Service[tomcat]/ensure: change from &apos;stopped&apos; to &apos;running&apos; failed: Systemd start for tomcat failed!</string>
    <string>journalctl log for tomcat:</string>
    <string>-- Logs begin at Mon 2019-10-21 13:46:52 IST, end at Mon 2019-10-21 14:46:22 IST. --</string>
    <string>Oct 21 14:46:22 pepuppetcentosbamboojava.zippyops.com systemd[1]: Starting Apache Tomcat Web Application Container...</string>
    <string>Oct 21 14:46:22 pepuppetcentosbamboojava.zippyops.com systemd[1]: tomcat.service: control process exited, code=exited status=217</string>
    <string>Oct 21 14:46:22 pepuppetcentosbamboojava.zippyops.com systemd[1]: Failed to start Apache Tomcat Web Application Container.</string>
    <string>Oct 21 14:46:22 pepuppetcentosbamboojava.zippyops.com systemd[1]: Unit tomcat.service entered failed state.</string>
    <string>Oct 21 14:46:22 pepuppetcentosbamboojava.zippyops.com systemd[1]: tomcat.service failed.</string>
    <string>&#x1b;[0m</string>
    <string>&#x1b;[1;31mError: &apos;systemctl restart tomcat&apos; returned 1 instead of one of [0]&#x1b;[0m</string>
    <string>&#x1b;[1;31mError: /Stage[main]/Remote/Exec[tomcat-reload]/returns: change from &apos;notrun&apos; to [&apos;0&apos;] failed: &apos;systemctl restart tomcat&apos; returned 1 instead of one of [0]&#x1b;[0m</string>
    <string>&#x1b;[1;31mError: &apos;systemctl restart tomcat&apos; returned 1 instead of one of [0]&#x1b;[0m</string>
    <string>&#x1b;[1;31mError: /Stage[main]/Tamil_tomcat/Exec[tomcat-reload1]/returns: change from &apos;notrun&apos; to [&apos;0&apos;] failed: &apos;systemctl restart tomcat&apos; returned 1 instead of one of [0]&#x1b;[0m</string>
    <string>&#x1b;[1;31mError: &apos;systemctl restart tomcat&apos; returned 1 instead of one of [0]&#x1b;[0m</string>
    <string>&#x1b;[1;31mError: /Stage[main]/Tamil_tomcat/Exec[centtomcat-reload1]/returns: change from &apos;notrun&apos; to [&apos;0&apos;] failed: &apos;systemctl restart tomcat&apos; returned 1 instead of one of [0]&#x1b;[0m</string>
    <string>&#x1b;[1;33mWarning: /Stage[main]/Remote/File[/opt/tomcat/webapps/newapp-0.0.1-SNAPSHOT.war]: Skipping because of failed dependencies&#x1b;[0m</string>
    <string>&#x1b;[1;31mError: Could not set &apos;file&apos; on ensure: No such file or directory @ dir_s_mkdir - /opt/tomcat/webapps/manager/META-INF/context.xml20191021-3590-jxu590.lock (file: /etc/puppetlabs/code/environments/production/modules/remote/manifests/init.pp, line: 20)&#x1b;[0m</string>
    <string>&#x1b;[1;31mError: Could not set &apos;file&apos; on ensure: No such file or directory @ dir_s_mkdir - /opt/tomcat/webapps/manager/META-INF/context.xml20191021-3590-jxu590.lock (file: /etc/puppetlabs/code/environments/production/modules/remote/manifests/init.pp, line: 20)</string>
    <string>Wrapped exception:</string>
    <string>No such file or directory @ dir_s_mkdir - /opt/tomcat/webapps/manager/META-INF/context.xml20191021-3590-jxu590.lock&#x1b;[0m</string>
    <string>&#x1b;[1;31mError: /Stage[main]/Remote/File[manager]/ensure: change from &apos;absent&apos; to &apos;file&apos; failed: Could not set &apos;file&apos; on ensure: No such file or directory @ dir_s_mkdir - /opt/tomcat/webapps/manager/META-INF/context.xml20191021-3590-jxu590.lock (file: /etc/puppetlabs/code/environments/production/modules/remote/manifests/init.pp, line: 20)&#x1b;[0m</string>
    <string>&#x1b;[1;31mError: Could not set &apos;file&apos; on ensure: No such file or directory @ dir_s_mkdir - /opt/tomcat/webapps/host-manager/META-INF/context.xml20191021-3590-6ljskl.lock (file: /etc/puppetlabs/code/environments/production/modules/remote/manifests/init.pp, line: 25)&#x1b;[0m</string>
    <string>&#x1b;[1;31mError: Could not set &apos;file&apos; on ensure: No such file or directory @ dir_s_mkdir - /opt/tomcat/webapps/host-manager/META-INF/context.xml20191021-3590-6ljskl.lock (file: /etc/puppetlabs/code/environments/production/modules/remote/manifests/init.pp, line: 25)</string>
    <string>Wrapped exception:</string>
    <string>No such file or directory @ dir_s_mkdir - /opt/tomcat/webapps/host-manager/META-INF/context.xml20191021-3590-6ljskl.lock&#x1b;[0m</string>
    <string>&#x1b;[1;31mError: /Stage[main]/Remote/File[host-manager]/ensure: change from &apos;absent&apos; to &apos;file&apos; failed: Could not set &apos;file&apos; on ensure: No such file or directory @ dir_s_mkdir - /opt/tomcat/webapps/host-manager/META-INF/context.xml20191021-3590-6ljskl.lock (file: /etc/puppetlabs/code/environments/production/modules/remote/manifests/init.pp, line: 25)&#x1b;[0m</string>
    <string>@@@@@@@@@@@@@@@@@@@@@@@@@@@@@@@@@@@@@@@@@@@@@@@@@@@@@@@@@@@</string>
    <string>@       WARNING: POSSIBLE DNS SPOOFING DETECTED!          @</string>
    <string>@@@@@@@@@@@@@@@@@@@@@@@@@@@@@@@@@@@@@@@@@@@@@@@@@@@@@@@@@@@</string>
    <string>The ECDSA host key for pepuppetcentosbamboojava.zippyops.com has changed,</string>
    <string>and the key for the corresponding IP address 192.168.2.75</string>
    <string>has a different value. This could either mean that</string>
    <string>DNS SPOOFING is happening or the IP address for the host</string>
    <string>and its host key have changed at the same time.</string>
    <string>Offending key for IP in /root/.ssh/known_hosts:6</string>
    <string>@@@@@@@@@@@@@@@@@@@@@@@@@@@@@@@@@@@@@@@@@@@@@@@@@@@@@@@@@@@</string>
    <string>@    WARNING: REMOTE HOST IDENTIFICATION HAS CHANGED!     @</string>
    <string>@@@@@@@@@@@@@@@@@@@@@@@@@@@@@@@@@@@@@@@@@@@@@@@@@@@@@@@@@@@</string>
    <string>IT IS POSSIBLE THAT SOMEONE IS DOING SOMETHING NASTY!</string>
    <string>Someone could be eavesdropping on you right now (man-in-the-middle attack)!</string>
    <string>It is also possible that a host key has just been changed.</string>
    <string>The fingerprint for the ECDSA key sent by the remote host is</string>
    <string>SHA256:DSo4Xv8GjFgW5puxSnvKrIOvT5k39iwMBZ9Qwd6urGA.</string>
    <string>Please contact your system administrator.</string>
    <string>Add correct host key in /root/.ssh/known_hosts to get rid of this message.</string>
    <string>Offending ECDSA key in /root/.ssh/known_hosts:25</string>
    <string>Password authentication is disabled to avoid man-in-the-middle attacks.</string>
    <string>Keyboard-interactive authentication is disabled to avoid man-in-the-middle attacks.</string>
    <string>@@@@@@@@@@@@@@@@@@@@@@@@@@@@@@@@@@@@@@@@@@@@@@@@@@@@@@@@@@@</string>
    <string>@       WARNING: POSSIBLE DNS SPOOFING DETECTED!          @</string>
    <string>@@@@@@@@@@@@@@@@@@@@@@@@@@@@@@@@@@@@@@@@@@@@@@@@@@@@@@@@@@@</string>
    <string>The ECDSA host key for pepuppetcentosbamboojava.zippyops.com has changed,</string>
    <string>and the key for the corresponding IP address 192.168.2.75</string>
    <string>has a different value. This could either mean that</string>
    <string>DNS SPOOFING is happening or the IP address for the host</string>
    <string>and its host key have changed at the same time.</string>
    <string>Offending key for IP in /root/.ssh/known_hosts:6</string>
    <string>@@@@@@@@@@@@@@@@@@@@@@@@@@@@@@@@@@@@@@@@@@@@@@@@@@@@@@@@@@@</string>
    <string>@    WARNING: REMOTE HOST IDENTIFICATION HAS CHANGED!     @</string>
    <string>@@@@@@@@@@@@@@@@@@@@@@@@@@@@@@@@@@@@@@@@@@@@@@@@@@@@@@@@@@@</string>
    <string>IT IS POSSIBLE THAT SOMEONE IS DOING SOMETHING NASTY!</string>
    <string>Someone could be eavesdropping on you right now (man-in-the-middle attack)!</string>
    <string>It is also possible that a host key has just been changed.</string>
    <string>The fingerprint for the ECDSA key sent by the remote host is</string>
    <string>SHA256:DSo4Xv8GjFgW5puxSnvKrIOvT5k39iwMBZ9Qwd6urGA.</string>
    <string>Please contact your system administrator.</string>
    <string>Add correct host key in /root/.ssh/known_hosts to get rid of this message.</string>
    <string>Offending ECDSA key in /root/.ssh/known_hosts:25</string>
    <string>Password authentication is disabled to avoid man-in-the-middle attacks.</string>
    <string>Keyboard-interactive authentication is disabled to avoid man-in-the-middle attacks.</string>
    <string>@@@@@@@@@@@@@@@@@@@@@@@@@@@@@@@@@@@@@@@@@@@@@@@@@@@@@@@@@@@</string>
    <string>@       WARNING: POSSIBLE DNS SPOOFING DETECTED!          @</string>
    <string>@@@@@@@@@@@@@@@@@@@@@@@@@@@@@@@@@@@@@@@@@@@@@@@@@@@@@@@@@@@</string>
    <string>The ECDSA host key for pepuppetcentosbamboojava.zippyops.com has changed,</string>
    <string>and the key for the corresponding IP address 192.168.2.75</string>
    <string>has a different value. This could either mean that</string>
    <string>DNS SPOOFING is happening or the IP address for the host</string>
    <string>and its host key have changed at the same time.</string>
    <string>Offending key for IP in /root/.ssh/known_hosts:6</string>
    <string>@@@@@@@@@@@@@@@@@@@@@@@@@@@@@@@@@@@@@@@@@@@@@@@@@@@@@@@@@@@</string>
    <string>@    WARNING: REMOTE HOST IDENTIFICATION HAS CHANGED!     @</string>
    <string>@@@@@@@@@@@@@@@@@@@@@@@@@@@@@@@@@@@@@@@@@@@@@@@@@@@@@@@@@@@</string>
    <string>IT IS POSSIBLE THAT SOMEONE IS DOING SOMETHING NASTY!</string>
    <string>Someone could be eavesdropping on you right now (man-in-the-middle attack)!</string>
    <string>It is also possible that a host key has just been changed.</string>
    <string>The fingerprint for the ECDSA key sent by the remote host is</string>
    <string>SHA256:DSo4Xv8GjFgW5puxSnvKrIOvT5k39iwMBZ9Qwd6urGA.</string>
    <string>Please contact your system administrator.</string>
    <string>Add correct host key in /root/.ssh/known_hosts to get rid of this message.</string>
    <string>Offending ECDSA key in /root/.ssh/known_hosts:25</string>
    <string>Password authentication is disabled to avoid man-in-the-middle attacks.</string>
    <string>Keyboard-interactive authentication is disabled to avoid man-in-the-middle attacks.</string>
  </myBuildErrors>
  <myBuildNumber>27</myBuildNumber>
  <myBuildDate>1571649217961</myBuildDate>
  <myBuildDuration>323456</myBuildDuration>
  <mySuccessfulTestResults class="empty-list"/>
</BuildResults>