<BuildResults>
  <myReasonForBuild>
    <myReason>Dependency build</myReason>
  </myReasonForBuild>
  <myBuildState>
    <myState>Successful</myState>
  </myBuildState>
  <myBuildErrors class="com.atlassian.bamboo.collections.message.FinalArrayList">
    <string> [WARNING]: (2+1) Some files were copied. Additional files were present.</string>
    <string>[DEPRECATION WARNING]: &apos;force&apos; isn&apos;t required anymore. This feature will be </string>
    <string>removed in version 2.9. Deprecation warnings can be disabled by setting </string>
    <string>deprecation_warnings=False in ansible.cfg.</string>
  </myBuildErrors>
  <myBuildNumber>17</myBuildNumber>
  <myBuildDate>1573104251397</myBuildDate>
  <myBuildDuration>146486</myBuildDuration>
  <mySuccessfulTestResults class="empty-list"/>
</BuildResults>