<BuildResults>
  <myReasonForBuild>
    <myReason>Dependency build</myReason>
  </myReasonForBuild>
  <myBuildState>
    <myState>Successful</myState>
  </myBuildState>
  <myBuildErrors class="com.atlassian.bamboo.collections.message.FinalArrayList">
    <string>Warning: Permanently added &apos;pepuppetubuntubamboojava.zippyops.com,192.168.2.33&apos; (ECDSA) to the list of known hosts.</string>
  </myBuildErrors>
  <myBuildNumber>24</myBuildNumber>
  <myBuildDate>1571643834610</myBuildDate>
  <myBuildDuration>18435</myBuildDuration>
  <mySuccessfulTestResults class="empty-list"/>
</BuildResults>