<BuildResults>
  <myReasonForBuild>
    <myReason>Dependency build</myReason>
  </myReasonForBuild>
  <myBuildState>
    <myState>Successful</myState>
  </myBuildState>
  <myBuildErrors class="com.atlassian.bamboo.collections.message.FinalArrayList">
    <string>Warning: the ECDSA host key for &apos;puppetubuntubamboojava.zippyops.com&apos; differs from the key for the IP address &apos;192.168.2.17&apos;</string>
    <string>Offending key for IP in /root/.ssh/known_hosts:17</string>
    <string>Matching host key in /root/.ssh/known_hosts:20</string>
    <string>Warning: the ECDSA host key for &apos;puppetubuntubamboojava.zippyops.com&apos; differs from the key for the IP address &apos;192.168.2.17&apos;</string>
    <string>Offending key for IP in /root/.ssh/known_hosts:17</string>
    <string>Matching host key in /root/.ssh/known_hosts:20</string>
    <string>Warning: the ECDSA host key for &apos;puppetubuntubamboojava.zippyops.com&apos; differs from the key for the IP address &apos;192.168.2.17&apos;</string>
    <string>Offending key for IP in /root/.ssh/known_hosts:17</string>
    <string>Matching host key in /root/.ssh/known_hosts:20</string>
  </myBuildErrors>
  <myBuildNumber>9</myBuildNumber>
  <myBuildDate>1570782442560</myBuildDate>
  <myBuildDuration>62730</myBuildDuration>
  <mySuccessfulTestResults class="empty-list"/>
</BuildResults>