<BuildResults>
  <myReasonForBuild>
    <myReason>Manual build</myReason>
  </myReasonForBuild>
  <myBuildState>
    <myState>Successful</myState>
  </myBuildState>
  <myBuildErrors class="com.atlassian.bamboo.collections.message.FinalArrayList">
    <string>Warning: Permanently added &apos;puppetubuntubamboojava.zippyops.com&apos; (ECDSA) to the list of known hosts.</string>
    <string>Warning: the ECDSA host key for &apos;puppetubuntubamboojava.zippyops.com&apos; differs from the key for the IP address &apos;192.168.2.17&apos;</string>
    <string>Offending key for IP in /root/.ssh/known_hosts:17</string>
    <string>&#x1b;[1;31mError: Could not set &apos;latest&apos; on ensure: No such file or directory @ rb_file_s_rename - (/tmp/remote_file20191011-4147-qtrjnm, /opt/tomcat/webapps/newapp-0.0.1-SNAPSHOT.war) (file: /etc/puppetlabs/code/environments/production/modules/remote/manifests/init.pp, line: 2)&#x1b;[0m</string>
    <string>&#x1b;[1;31mError: Could not set &apos;latest&apos; on ensure: No such file or directory @ rb_file_s_rename - (/tmp/remote_file20191011-4147-qtrjnm, /opt/tomcat/webapps/newapp-0.0.1-SNAPSHOT.war) (file: /etc/puppetlabs/code/environments/production/modules/remote/manifests/init.pp, line: 2)</string>
    <string>Wrapped exception:</string>
    <string>No such file or directory @ rb_file_s_rename - (/tmp/remote_file20191011-4147-qtrjnm, /opt/tomcat/webapps/newapp-0.0.1-SNAPSHOT.war)&#x1b;[0m</string>
    <string>&#x1b;[1;31mError: /Stage[main]/Remote/Remote_file[java-sample-app-1.0.0.war]/ensure: change from &apos;absent&apos; to 1560343200 failed: Could not set &apos;latest&apos; on ensure: No such file or directory @ rb_file_s_rename - (/tmp/remote_file20191011-4147-qtrjnm, /opt/tomcat/webapps/newapp-0.0.1-SNAPSHOT.war) (file: /etc/puppetlabs/code/environments/production/modules/remote/manifests/init.pp, line: 2)&#x1b;[0m</string>
    <string>&#x1b;[1;31mError: Systemd start for tomcat failed!</string>
    <string>journalctl log for tomcat:</string>
    <string>-- Logs begin at Fri 2019-10-11 10:42:40 IST, end at Fri 2019-10-11 11:49:56 IST. --</string>
    <string>Oct 11 11:49:56 puppetubuntubamboojava.zippyops.com systemd[1]: Starting Apache Tomcat Web Application Container...</string>
    <string>Oct 11 11:49:56 puppetubuntubamboojava.zippyops.com systemd[11189]: tomcat.service: Failed at step USER spawning /opt/tomcat/bin/startup.sh: No such process</string>
    <string>Oct 11 11:49:56 puppetubuntubamboojava.zippyops.com systemd[1]: tomcat.service: Control process exited, code=exited status=217</string>
    <string>Oct 11 11:49:56 puppetubuntubamboojava.zippyops.com systemd[1]: Failed to start Apache Tomcat Web Application Container.</string>
    <string>Oct 11 11:49:56 puppetubuntubamboojava.zippyops.com systemd[1]: tomcat.service: Unit entered failed state.</string>
    <string>Oct 11 11:49:56 puppetubuntubamboojava.zippyops.com systemd[1]: tomcat.service: Failed with result &apos;exit-code&apos;.</string>
    <string>&#x1b;[0m</string>
    <string>&#x1b;[1;31mError: /Stage[main]/Remote/Service[tomcat]/ensure: change from &apos;stopped&apos; to &apos;running&apos; failed: Systemd start for tomcat failed!</string>
    <string>journalctl log for tomcat:</string>
    <string>-- Logs begin at Fri 2019-10-11 10:42:40 IST, end at Fri 2019-10-11 11:49:56 IST. --</string>
    <string>Oct 11 11:49:56 puppetubuntubamboojava.zippyops.com systemd[1]: Starting Apache Tomcat Web Application Container...</string>
    <string>Oct 11 11:49:56 puppetubuntubamboojava.zippyops.com systemd[11189]: tomcat.service: Failed at step USER spawning /opt/tomcat/bin/startup.sh: No such process</string>
    <string>Oct 11 11:49:56 puppetubuntubamboojava.zippyops.com systemd[1]: tomcat.service: Control process exited, code=exited status=217</string>
    <string>Oct 11 11:49:56 puppetubuntubamboojava.zippyops.com systemd[1]: Failed to start Apache Tomcat Web Application Container.</string>
    <string>Oct 11 11:49:56 puppetubuntubamboojava.zippyops.com systemd[1]: tomcat.service: Unit entered failed state.</string>
    <string>Oct 11 11:49:56 puppetubuntubamboojava.zippyops.com systemd[1]: tomcat.service: Failed with result &apos;exit-code&apos;.</string>
    <string>&#x1b;[0m</string>
    <string>&#x1b;[1;31mError: &apos;systemctl restart tomcat&apos; returned 1 instead of one of [0]&#x1b;[0m</string>
    <string>&#x1b;[1;31mError: /Stage[main]/Remote/Exec[tomcat-reload]/returns: change from &apos;notrun&apos; to [&apos;0&apos;] failed: &apos;systemctl restart tomcat&apos; returned 1 instead of one of [0]&#x1b;[0m</string>
    <string>&#x1b;[1;31mError: &apos;systemctl restart tomcat&apos; returned 1 instead of one of [0]&#x1b;[0m</string>
    <string>&#x1b;[1;31mError: /Stage[main]/Tamil_tomcat/Exec[tomcat-reload1]/returns: change from &apos;notrun&apos; to [&apos;0&apos;] failed: &apos;systemctl restart tomcat&apos; returned 1 instead of one of [0]&#x1b;[0m</string>
    <string>&#x1b;[1;33mWarning: /Stage[main]/Remote/File[/opt/tomcat/webapps/newapp-0.0.1-SNAPSHOT.war]: Skipping because of failed dependencies&#x1b;[0m</string>
    <string>&#x1b;[1;31mError: Could not set &apos;file&apos; on ensure: No such file or directory @ dir_s_mkdir - /opt/tomcat/webapps/manager/META-INF/context.xml20191011-4147-1msxvzw.lock (file: /etc/puppetlabs/code/environments/production/modules/remote/manifests/init.pp, line: 20)&#x1b;[0m</string>
    <string>&#x1b;[1;31mError: Could not set &apos;file&apos; on ensure: No such file or directory @ dir_s_mkdir - /opt/tomcat/webapps/manager/META-INF/context.xml20191011-4147-1msxvzw.lock (file: /etc/puppetlabs/code/environments/production/modules/remote/manifests/init.pp, line: 20)</string>
    <string>Wrapped exception:</string>
    <string>No such file or directory @ dir_s_mkdir - /opt/tomcat/webapps/manager/META-INF/context.xml20191011-4147-1msxvzw.lock&#x1b;[0m</string>
    <string>&#x1b;[1;31mError: /Stage[main]/Remote/File[manager]/ensure: change from &apos;absent&apos; to &apos;file&apos; failed: Could not set &apos;file&apos; on ensure: No such file or directory @ dir_s_mkdir - /opt/tomcat/webapps/manager/META-INF/context.xml20191011-4147-1msxvzw.lock (file: /etc/puppetlabs/code/environments/production/modules/remote/manifests/init.pp, line: 20)&#x1b;[0m</string>
    <string>&#x1b;[1;31mError: Could not set &apos;file&apos; on ensure: No such file or directory @ dir_s_mkdir - /opt/tomcat/webapps/host-manager/META-INF/context.xml20191011-4147-1oqba2y.lock (file: /etc/puppetlabs/code/environments/production/modules/remote/manifests/init.pp, line: 25)&#x1b;[0m</string>
    <string>&#x1b;[1;31mError: Could not set &apos;file&apos; on ensure: No such file or directory @ dir_s_mkdir - /opt/tomcat/webapps/host-manager/META-INF/context.xml20191011-4147-1oqba2y.lock (file: /etc/puppetlabs/code/environments/production/modules/remote/manifests/init.pp, line: 25)</string>
    <string>Wrapped exception:</string>
    <string>No such file or directory @ dir_s_mkdir - /opt/tomcat/webapps/host-manager/META-INF/context.xml20191011-4147-1oqba2y.lock&#x1b;[0m</string>
    <string>&#x1b;[1;31mError: /Stage[main]/Remote/File[host-manager]/ensure: change from &apos;absent&apos; to &apos;file&apos; failed: Could not set &apos;file&apos; on ensure: No such file or directory @ dir_s_mkdir - /opt/tomcat/webapps/host-manager/META-INF/context.xml20191011-4147-1oqba2y.lock (file: /etc/puppetlabs/code/environments/production/modules/remote/manifests/init.pp, line: 25)&#x1b;[0m</string>
    <string>Warning: the ECDSA host key for &apos;puppetubuntubamboojava.zippyops.com&apos; differs from the key for the IP address &apos;192.168.2.17&apos;</string>
    <string>Offending key for IP in /root/.ssh/known_hosts:17</string>
    <string>Matching host key in /root/.ssh/known_hosts:20</string>
    <string>Warning: the ECDSA host key for &apos;puppetubuntubamboojava.zippyops.com&apos; differs from the key for the IP address &apos;192.168.2.17&apos;</string>
    <string>Offending key for IP in /root/.ssh/known_hosts:17</string>
    <string>Matching host key in /root/.ssh/known_hosts:20</string>
  </myBuildErrors>
  <myBuildNumber>1</myBuildNumber>
  <myBuildDate>1570774517852</myBuildDate>
  <myBuildDuration>331415</myBuildDuration>
  <mySuccessfulTestResults class="empty-list"/>
</BuildResults>