<BuildResults>
  <myReasonForBuild>
    <myReason>Dependency build</myReason>
  </myReasonForBuild>
  <myBuildState>
    <myState>Successful</myState>
  </myBuildState>
  <myBuildErrors class="com.atlassian.bamboo.collections.message.FinalArrayList">
    <string>@@@@@@@@@@@@@@@@@@@@@@@@@@@@@@@@@@@@@@@@@@@@@@@@@@@@@@@@@@@</string>
    <string>@       WARNING: POSSIBLE DNS SPOOFING DETECTED!          @</string>
    <string>@@@@@@@@@@@@@@@@@@@@@@@@@@@@@@@@@@@@@@@@@@@@@@@@@@@@@@@@@@@</string>
    <string>The ECDSA host key for puppetubuntubamboojava.zippyops.com has changed,</string>
    <string>and the key for the corresponding IP address 192.168.2.63</string>
    <string>is unknown. This could either mean that</string>
    <string>DNS SPOOFING is happening or the IP address for the host</string>
    <string>and its host key have changed at the same time.</string>
    <string>@@@@@@@@@@@@@@@@@@@@@@@@@@@@@@@@@@@@@@@@@@@@@@@@@@@@@@@@@@@</string>
    <string>@    WARNING: REMOTE HOST IDENTIFICATION HAS CHANGED!     @</string>
    <string>@@@@@@@@@@@@@@@@@@@@@@@@@@@@@@@@@@@@@@@@@@@@@@@@@@@@@@@@@@@</string>
    <string>IT IS POSSIBLE THAT SOMEONE IS DOING SOMETHING NASTY!</string>
    <string>Someone could be eavesdropping on you right now (man-in-the-middle attack)!</string>
    <string>It is also possible that a host key has just been changed.</string>
    <string>The fingerprint for the ECDSA key sent by the remote host is</string>
    <string>SHA256:Q1qSd2btFWjLhwzxu0ZJEYrRenLtPrwatW5SL2yKyEM.</string>
    <string>Please contact your system administrator.</string>
    <string>Add correct host key in /root/.ssh/known_hosts to get rid of this message.</string>
    <string>Offending ECDSA key in /root/.ssh/known_hosts:20</string>
    <string>Password authentication is disabled to avoid man-in-the-middle attacks.</string>
    <string>Keyboard-interactive authentication is disabled to avoid man-in-the-middle attacks.</string>
    <string>&#x1b;[1;31mError: /File[/opt/puppetlabs/puppet/cache/facts.d]: Failed to generate additional resources using &apos;eval_generate&apos;: Error 500 on SERVER: Server Error: Permission denied - /etc/puppetlabs/code/environments/production/modules/bamboo_tomcat/metadata.json&#x1b;[0m</string>
    <string>&#x1b;[1;31mError: /File[/opt/puppetlabs/puppet/cache/facts.d]: Could not evaluate: Could not retrieve file metadata for puppet:///pluginfacts: Error 500 on SERVER: Server Error: Permission denied - /etc/puppetlabs/code/environments/production/modules/bamboo_tomcat/metadata.json&#x1b;[0m</string>
    <string>&#x1b;[1;31mError: /File[/opt/puppetlabs/puppet/cache/lib]: Failed to generate additional resources using &apos;eval_generate&apos;: Error 500 on SERVER: Server Error: Permission denied - /etc/puppetlabs/code/environments/production/modules/bamboo_tomcat/metadata.json&#x1b;[0m</string>
    <string>&#x1b;[1;31mError: /File[/opt/puppetlabs/puppet/cache/lib]: Could not evaluate: Could not retrieve file metadata for puppet:///plugins: Error 500 on SERVER: Server Error: Permission denied - /etc/puppetlabs/code/environments/production/modules/bamboo_tomcat/metadata.json&#x1b;[0m</string>
    <string>&#x1b;[1;31mError: /File[/opt/puppetlabs/puppet/cache/locales]: Failed to generate additional resources using &apos;eval_generate&apos;: Error 500 on SERVER: Server Error: Permission denied - /etc/puppetlabs/code/environments/production/modules/bamboo_tomcat/metadata.json&#x1b;[0m</string>
    <string>&#x1b;[1;31mError: /File[/opt/puppetlabs/puppet/cache/locales]: Could not evaluate: Could not retrieve file metadata for puppet:///locales: Error 500 on SERVER: Server Error: Permission denied - /etc/puppetlabs/code/environments/production/modules/bamboo_tomcat/metadata.json&#x1b;[0m</string>
    <string>&#x1b;[1;31mError: Could not retrieve catalog from remote server: Error 500 on SERVER: Server Error: Permission denied - /etc/puppetlabs/code/environments/production/modules/bamboo_tomcat/metadata.json&#x1b;[0m</string>
    <string>&#x1b;[1;33mWarning: Not using cache on failed catalog&#x1b;[0m</string>
    <string>&#x1b;[1;31mError: Could not retrieve catalog; skipping run&#x1b;[0m</string>
    <string>@@@@@@@@@@@@@@@@@@@@@@@@@@@@@@@@@@@@@@@@@@@@@@@@@@@@@@@@@@@</string>
    <string>@       WARNING: POSSIBLE DNS SPOOFING DETECTED!          @</string>
    <string>@@@@@@@@@@@@@@@@@@@@@@@@@@@@@@@@@@@@@@@@@@@@@@@@@@@@@@@@@@@</string>
    <string>The ECDSA host key for puppetubuntubamboojava.zippyops.com has changed,</string>
    <string>and the key for the corresponding IP address 192.168.2.63</string>
    <string>is unknown. This could either mean that</string>
    <string>DNS SPOOFING is happening or the IP address for the host</string>
    <string>and its host key have changed at the same time.</string>
    <string>@@@@@@@@@@@@@@@@@@@@@@@@@@@@@@@@@@@@@@@@@@@@@@@@@@@@@@@@@@@</string>
    <string>@    WARNING: REMOTE HOST IDENTIFICATION HAS CHANGED!     @</string>
    <string>@@@@@@@@@@@@@@@@@@@@@@@@@@@@@@@@@@@@@@@@@@@@@@@@@@@@@@@@@@@</string>
    <string>IT IS POSSIBLE THAT SOMEONE IS DOING SOMETHING NASTY!</string>
    <string>Someone could be eavesdropping on you right now (man-in-the-middle attack)!</string>
    <string>It is also possible that a host key has just been changed.</string>
    <string>The fingerprint for the ECDSA key sent by the remote host is</string>
    <string>SHA256:Q1qSd2btFWjLhwzxu0ZJEYrRenLtPrwatW5SL2yKyEM.</string>
    <string>Please contact your system administrator.</string>
    <string>Add correct host key in /root/.ssh/known_hosts to get rid of this message.</string>
    <string>Offending ECDSA key in /root/.ssh/known_hosts:20</string>
    <string>Password authentication is disabled to avoid man-in-the-middle attacks.</string>
    <string>Keyboard-interactive authentication is disabled to avoid man-in-the-middle attacks.</string>
    <string>&#x1b;[1;31mError: /File[/opt/puppetlabs/puppet/cache/facts.d]: Failed to generate additional resources using &apos;eval_generate&apos;: Error 500 on SERVER: Server Error: Permission denied - /etc/puppetlabs/code/environments/production/modules/bamboo_tomcat/metadata.json&#x1b;[0m</string>
    <string>&#x1b;[1;31mError: /File[/opt/puppetlabs/puppet/cache/facts.d]: Could not evaluate: Could not retrieve file metadata for puppet:///pluginfacts: Error 500 on SERVER: Server Error: Permission denied - /etc/puppetlabs/code/environments/production/modules/bamboo_tomcat/metadata.json&#x1b;[0m</string>
    <string>&#x1b;[1;31mError: /File[/opt/puppetlabs/puppet/cache/lib]: Failed to generate additional resources using &apos;eval_generate&apos;: Error 500 on SERVER: Server Error: Permission denied - /etc/puppetlabs/code/environments/production/modules/bamboo_tomcat/metadata.json&#x1b;[0m</string>
    <string>&#x1b;[1;31mError: /File[/opt/puppetlabs/puppet/cache/lib]: Could not evaluate: Could not retrieve file metadata for puppet:///plugins: Error 500 on SERVER: Server Error: Permission denied - /etc/puppetlabs/code/environments/production/modules/bamboo_tomcat/metadata.json&#x1b;[0m</string>
    <string>&#x1b;[1;31mError: /File[/opt/puppetlabs/puppet/cache/locales]: Failed to generate additional resources using &apos;eval_generate&apos;: Error 500 on SERVER: Server Error: Permission denied - /etc/puppetlabs/code/environments/production/modules/bamboo_tomcat/metadata.json&#x1b;[0m</string>
    <string>&#x1b;[1;31mError: /File[/opt/puppetlabs/puppet/cache/locales]: Could not evaluate: Could not retrieve file metadata for puppet:///locales: Error 500 on SERVER: Server Error: Permission denied - /etc/puppetlabs/code/environments/production/modules/bamboo_tomcat/metadata.json&#x1b;[0m</string>
    <string>&#x1b;[1;31mError: Could not retrieve catalog from remote server: Error 500 on SERVER: Server Error: Permission denied - /etc/puppetlabs/code/environments/production/modules/bamboo_tomcat/metadata.json&#x1b;[0m</string>
    <string>&#x1b;[1;33mWarning: Not using cache on failed catalog&#x1b;[0m</string>
    <string>&#x1b;[1;31mError: Could not retrieve catalog; skipping run&#x1b;[0m</string>
    <string>@@@@@@@@@@@@@@@@@@@@@@@@@@@@@@@@@@@@@@@@@@@@@@@@@@@@@@@@@@@</string>
    <string>@       WARNING: POSSIBLE DNS SPOOFING DETECTED!          @</string>
    <string>@@@@@@@@@@@@@@@@@@@@@@@@@@@@@@@@@@@@@@@@@@@@@@@@@@@@@@@@@@@</string>
    <string>The ECDSA host key for puppetubuntubamboojava.zippyops.com has changed,</string>
    <string>and the key for the corresponding IP address 192.168.2.63</string>
    <string>is unknown. This could either mean that</string>
    <string>DNS SPOOFING is happening or the IP address for the host</string>
    <string>and its host key have changed at the same time.</string>
    <string>@@@@@@@@@@@@@@@@@@@@@@@@@@@@@@@@@@@@@@@@@@@@@@@@@@@@@@@@@@@</string>
    <string>@    WARNING: REMOTE HOST IDENTIFICATION HAS CHANGED!     @</string>
    <string>@@@@@@@@@@@@@@@@@@@@@@@@@@@@@@@@@@@@@@@@@@@@@@@@@@@@@@@@@@@</string>
    <string>IT IS POSSIBLE THAT SOMEONE IS DOING SOMETHING NASTY!</string>
    <string>Someone could be eavesdropping on you right now (man-in-the-middle attack)!</string>
    <string>It is also possible that a host key has just been changed.</string>
    <string>The fingerprint for the ECDSA key sent by the remote host is</string>
    <string>SHA256:Q1qSd2btFWjLhwzxu0ZJEYrRenLtPrwatW5SL2yKyEM.</string>
    <string>Please contact your system administrator.</string>
    <string>Add correct host key in /root/.ssh/known_hosts to get rid of this message.</string>
    <string>Offending ECDSA key in /root/.ssh/known_hosts:20</string>
    <string>Password authentication is disabled to avoid man-in-the-middle attacks.</string>
    <string>Keyboard-interactive authentication is disabled to avoid man-in-the-middle attacks.</string>
    <string>&#x1b;[1;31mError: /File[/opt/puppetlabs/puppet/cache/facts.d]: Failed to generate additional resources using &apos;eval_generate&apos;: Error 500 on SERVER: Server Error: Permission denied - /etc/puppetlabs/code/environments/production/modules/bamboo_tomcat/metadata.json&#x1b;[0m</string>
    <string>&#x1b;[1;31mError: /File[/opt/puppetlabs/puppet/cache/facts.d]: Could not evaluate: Could not retrieve file metadata for puppet:///pluginfacts: Error 500 on SERVER: Server Error: Permission denied - /etc/puppetlabs/code/environments/production/modules/bamboo_tomcat/metadata.json&#x1b;[0m</string>
    <string>&#x1b;[1;31mError: /File[/opt/puppetlabs/puppet/cache/lib]: Failed to generate additional resources using &apos;eval_generate&apos;: Error 500 on SERVER: Server Error: Permission denied - /etc/puppetlabs/code/environments/production/modules/bamboo_tomcat/metadata.json&#x1b;[0m</string>
    <string>&#x1b;[1;31mError: /File[/opt/puppetlabs/puppet/cache/lib]: Could not evaluate: Could not retrieve file metadata for puppet:///plugins: Error 500 on SERVER: Server Error: Permission denied - /etc/puppetlabs/code/environments/production/modules/bamboo_tomcat/metadata.json&#x1b;[0m</string>
    <string>&#x1b;[1;31mError: /File[/opt/puppetlabs/puppet/cache/locales]: Failed to generate additional resources using &apos;eval_generate&apos;: Error 500 on SERVER: Server Error: Permission denied - /etc/puppetlabs/code/environments/production/modules/bamboo_tomcat/metadata.json&#x1b;[0m</string>
    <string>&#x1b;[1;31mError: /File[/opt/puppetlabs/puppet/cache/locales]: Could not evaluate: Could not retrieve file metadata for puppet:///locales: Error 500 on SERVER: Server Error: Permission denied - /etc/puppetlabs/code/environments/production/modules/bamboo_tomcat/metadata.json&#x1b;[0m</string>
    <string>&#x1b;[1;31mError: Facter: EC2 metadata request failed: Timeout was reached&#x1b;[0m</string>
    <string>&#x1b;[1;31mError: Facter: EC2 user data request failed: Timeout was reached&#x1b;[0m</string>
    <string>&#x1b;[1;31mError: Could not retrieve catalog from remote server: Error 500 on SERVER: Server Error: Permission denied - /etc/puppetlabs/code/environments/production/modules/bamboo_tomcat/metadata.json&#x1b;[0m</string>
    <string>&#x1b;[1;33mWarning: Not using cache on failed catalog&#x1b;[0m</string>
    <string>&#x1b;[1;31mError: Could not retrieve catalog; skipping run&#x1b;[0m</string>
  </myBuildErrors>
  <myBuildNumber>13</myBuildNumber>
  <myBuildDate>1570790372136</myBuildDate>
  <myBuildDuration>24354</myBuildDuration>
  <mySuccessfulTestResults class="empty-list"/>
</BuildResults>