<BuildResults>
  <myReasonForBuild>
    <myReason>Dependency build</myReason>
  </myReasonForBuild>
  <myBuildState>
    <myState>Successful</myState>
  </myBuildState>
  <myBuildErrors class="com.atlassian.bamboo.collections.message.FinalArrayList">
    <string>Warning: the ECDSA host key for &apos;puppetubuntubamboojava.zippyops.com&apos; differs from the key for the IP address &apos;192.168.2.17&apos;</string>
    <string>Offending key for IP in /root/.ssh/known_hosts:17</string>
    <string>Matching host key in /root/.ssh/known_hosts:20</string>
    <string>&#x1b;[1;31mError: Could not retrieve catalog from remote server: Error 500 on SERVER: Server Error: Evaluation Error: Error while evaluating a Function Call, Could not find class ::bamboo_tomcat for puppetubuntubamboojava.zippyops.com (file: /etc/puppetlabs/code/environments/production/manifests/site.pp, line: 60, column: 9) on node puppetubuntubamboojava.zippyops.com&#x1b;[0m</string>
    <string>&#x1b;[1;33mWarning: Not using cache on failed catalog&#x1b;[0m</string>
    <string>&#x1b;[1;31mError: Could not retrieve catalog; skipping run&#x1b;[0m</string>
    <string>Warning: the ECDSA host key for &apos;puppetubuntubamboojava.zippyops.com&apos; differs from the key for the IP address &apos;192.168.2.17&apos;</string>
    <string>Offending key for IP in /root/.ssh/known_hosts:17</string>
    <string>Matching host key in /root/.ssh/known_hosts:20</string>
    <string>&#x1b;[1;31mError: Could not retrieve catalog from remote server: Error 500 on SERVER: Server Error: Evaluation Error: Error while evaluating a Function Call, Could not find class ::bamboo_tomcat for puppetubuntubamboojava.zippyops.com (file: /etc/puppetlabs/code/environments/production/manifests/site.pp, line: 60, column: 9) on node puppetubuntubamboojava.zippyops.com&#x1b;[0m</string>
    <string>&#x1b;[1;33mWarning: Not using cache on failed catalog&#x1b;[0m</string>
    <string>&#x1b;[1;31mError: Could not retrieve catalog; skipping run&#x1b;[0m</string>
    <string>Warning: the ECDSA host key for &apos;puppetubuntubamboojava.zippyops.com&apos; differs from the key for the IP address &apos;192.168.2.17&apos;</string>
    <string>Offending key for IP in /root/.ssh/known_hosts:17</string>
    <string>Matching host key in /root/.ssh/known_hosts:20</string>
    <string>&#x1b;[1;31mError: Could not retrieve catalog from remote server: Error 500 on SERVER: Server Error: Evaluation Error: Error while evaluating a Function Call, Could not find class ::bamboo_tomcat for puppetubuntubamboojava.zippyops.com (file: /etc/puppetlabs/code/environments/production/manifests/site.pp, line: 60, column: 9) on node puppetubuntubamboojava.zippyops.com&#x1b;[0m</string>
    <string>&#x1b;[1;33mWarning: Not using cache on failed catalog&#x1b;[0m</string>
    <string>&#x1b;[1;31mError: Could not retrieve catalog; skipping run&#x1b;[0m</string>
  </myBuildErrors>
  <myBuildNumber>8</myBuildNumber>
  <myBuildDate>1570781466691</myBuildDate>
  <myBuildDuration>29813</myBuildDuration>
  <mySuccessfulTestResults class="empty-list"/>
</BuildResults>