<BuildResults>
  <myReasonForBuild>
    <myReason>Dependency build</myReason>
  </myReasonForBuild>
  <myBuildState>
    <myState>Successful</myState>
  </myBuildState>
  <myBuildErrors class="com.atlassian.bamboo.collections.message.FinalArrayList">
    <string>The ECDSA host key for pepuppetubuntubamboojava.zippyops.com has changed,</string>
    <string>and the key for the corresponding IP address 192.168.2.100</string>
    <string>is unknown. This could either mean that</string>
    <string>DNS SPOOFING is happening or the IP address for the host</string>
    <string>and its host key have changed at the same time.</string>
    <string>@@@@@@@@@@@@@@@@@@@@@@@@@@@@@@@@@@@@@@@@@@@@@@@@@@@@@@@@@@@</string>
    <string>@    WARNING: REMOTE HOST IDENTIFICATION HAS CHANGED!     @</string>
    <string>@@@@@@@@@@@@@@@@@@@@@@@@@@@@@@@@@@@@@@@@@@@@@@@@@@@@@@@@@@@</string>
    <string>IT IS POSSIBLE THAT SOMEONE IS DOING SOMETHING NASTY!</string>
    <string>Someone could be eavesdropping on you right now (man-in-the-middle attack)!</string>
    <string>It is also possible that a host key has just been changed.</string>
    <string>The fingerprint for the ECDSA key sent by the remote host is</string>
    <string>SHA256:Ch+vlzelYOY879aUBQPO5pe/AQJ30J3wcoFsDEuqqzE.</string>
    <string>Please contact your system administrator.</string>
    <string>Add correct host key in /root/.ssh/known_hosts to get rid of this message.</string>
    <string>Offending ECDSA key in /root/.ssh/known_hosts:26</string>
    <string>Password authentication is disabled to avoid man-in-the-middle attacks.</string>
    <string>Keyboard-interactive authentication is disabled to avoid man-in-the-middle attacks.</string>
    <string>&#x1b;[1;31mError: Could not set &apos;latest&apos; on ensure: No such file or directory @ rb_file_s_rename - (/tmp/remote_file20191031-4517-1rh4awq, /opt/tomcat/webapps/newapp-0.0.1-SNAPSHOT.war) (file: /etc/puppetlabs/code/environments/production/modules/remote/manifests/init.pp, line: 2)&#x1b;[0m</string>
    <string>&#x1b;[1;31mError: Could not set &apos;latest&apos; on ensure: No such file or directory @ rb_file_s_rename - (/tmp/remote_file20191031-4517-1rh4awq, /opt/tomcat/webapps/newapp-0.0.1-SNAPSHOT.war) (file: /etc/puppetlabs/code/environments/production/modules/remote/manifests/init.pp, line: 2)</string>
    <string>Wrapped exception:</string>
    <string>No such file or directory @ rb_file_s_rename - (/tmp/remote_file20191031-4517-1rh4awq, /opt/tomcat/webapps/newapp-0.0.1-SNAPSHOT.war)&#x1b;[0m</string>
    <string>&#x1b;[1;31mError: /Stage[main]/Remote/Remote_file[java-sample-app-1.0.0.war]/ensure: change from &apos;absent&apos; to 1572502876 failed: Could not set &apos;latest&apos; on ensure: No such file or directory @ rb_file_s_rename - (/tmp/remote_file20191031-4517-1rh4awq, /opt/tomcat/webapps/newapp-0.0.1-SNAPSHOT.war) (file: /etc/puppetlabs/code/environments/production/modules/remote/manifests/init.pp, line: 2)&#x1b;[0m</string>
    <string>&#x1b;[1;31mError: Systemd start for tomcat failed!</string>
    <string>journalctl log for tomcat:</string>
    <string>-- Logs begin at Thu 2019-10-31 11:03:27 IST, end at Thu 2019-10-31 11:55:33 IST. --</string>
    <string>Oct 31 11:55:33 pepuppetubuntubamboojava.zippyops.com systemd[1]: Starting Apache Tomcat Web Application Container...</string>
    <string>Oct 31 11:55:33 pepuppetubuntubamboojava.zippyops.com systemd[12545]: tomcat.service: Failed at step USER spawning /opt/tomcat/bin/startup.sh: No such process</string>
    <string>Oct 31 11:55:33 pepuppetubuntubamboojava.zippyops.com systemd[1]: tomcat.service: Control process exited, code=exited status=217</string>
    <string>Oct 31 11:55:33 pepuppetubuntubamboojava.zippyops.com systemd[1]: Failed to start Apache Tomcat Web Application Container.</string>
    <string>Oct 31 11:55:33 pepuppetubuntubamboojava.zippyops.com systemd[1]: tomcat.service: Unit entered failed state.</string>
    <string>Oct 31 11:55:33 pepuppetubuntubamboojava.zippyops.com systemd[1]: tomcat.service: Failed with result &apos;exit-code&apos;.</string>
    <string>&#x1b;[0m</string>
    <string>&#x1b;[1;31mError: /Stage[main]/Remote/Service[tomcat]/ensure: change from &apos;stopped&apos; to &apos;running&apos; failed: Systemd start for tomcat failed!</string>
    <string>journalctl log for tomcat:</string>
    <string>-- Logs begin at Thu 2019-10-31 11:03:27 IST, end at Thu 2019-10-31 11:55:33 IST. --</string>
    <string>Oct 31 11:55:33 pepuppetubuntubamboojava.zippyops.com systemd[1]: Starting Apache Tomcat Web Application Container...</string>
    <string>Oct 31 11:55:33 pepuppetubuntubamboojava.zippyops.com systemd[12545]: tomcat.service: Failed at step USER spawning /opt/tomcat/bin/startup.sh: No such process</string>
    <string>Oct 31 11:55:33 pepuppetubuntubamboojava.zippyops.com systemd[1]: tomcat.service: Control process exited, code=exited status=217</string>
    <string>Oct 31 11:55:33 pepuppetubuntubamboojava.zippyops.com systemd[1]: Failed to start Apache Tomcat Web Application Container.</string>
    <string>Oct 31 11:55:33 pepuppetubuntubamboojava.zippyops.com systemd[1]: tomcat.service: Unit entered failed state.</string>
    <string>Oct 31 11:55:33 pepuppetubuntubamboojava.zippyops.com systemd[1]: tomcat.service: Failed with result &apos;exit-code&apos;.</string>
    <string>&#x1b;[0m</string>
    <string>&#x1b;[1;31mError: &apos;systemctl restart tomcat&apos; returned 1 instead of one of [0]&#x1b;[0m</string>
    <string>&#x1b;[1;31mError: /Stage[main]/Remote/Exec[tomcat-reload]/returns: change from &apos;notrun&apos; to [&apos;0&apos;] failed: &apos;systemctl restart tomcat&apos; returned 1 instead of one of [0]&#x1b;[0m</string>
    <string>&#x1b;[1;31mError: &apos;systemctl restart tomcat&apos; returned 1 instead of one of [0]&#x1b;[0m</string>
    <string>&#x1b;[1;31mError: /Stage[main]/Tamil_tomcat/Exec[tomcat-reload1]/returns: change from &apos;notrun&apos; to [&apos;0&apos;] failed: &apos;systemctl restart tomcat&apos; returned 1 instead of one of [0]&#x1b;[0m</string>
    <string>&#x1b;[1;33mWarning: /Stage[main]/Remote/File[/opt/tomcat/webapps/newapp-0.0.1-SNAPSHOT.war]: Skipping because of failed dependencies&#x1b;[0m</string>
    <string>&#x1b;[1;31mError: Could not set &apos;file&apos; on ensure: No such file or directory @ dir_s_mkdir - /opt/tomcat/webapps/manager/META-INF/context.xml20191031-4517-1wmormx.lock (file: /etc/puppetlabs/code/environments/production/modules/remote/manifests/init.pp, line: 20)&#x1b;[0m</string>
    <string>&#x1b;[1;31mError: Could not set &apos;file&apos; on ensure: No such file or directory @ dir_s_mkdir - /opt/tomcat/webapps/manager/META-INF/context.xml20191031-4517-1wmormx.lock (file: /etc/puppetlabs/code/environments/production/modules/remote/manifests/init.pp, line: 20)</string>
    <string>Wrapped exception:</string>
    <string>No such file or directory @ dir_s_mkdir - /opt/tomcat/webapps/manager/META-INF/context.xml20191031-4517-1wmormx.lock&#x1b;[0m</string>
    <string>&#x1b;[1;31mError: /Stage[main]/Remote/File[manager]/ensure: change from &apos;absent&apos; to &apos;file&apos; failed: Could not set &apos;file&apos; on ensure: No such file or directory @ dir_s_mkdir - /opt/tomcat/webapps/manager/META-INF/context.xml20191031-4517-1wmormx.lock (file: /etc/puppetlabs/code/environments/production/modules/remote/manifests/init.pp, line: 20)&#x1b;[0m</string>
    <string>&#x1b;[1;31mError: Could not set &apos;file&apos; on ensure: No such file or directory @ dir_s_mkdir - /opt/tomcat/webapps/host-manager/META-INF/context.xml20191031-4517-fu5bbm.lock (file: /etc/puppetlabs/code/environments/production/modules/remote/manifests/init.pp, line: 25)&#x1b;[0m</string>
    <string>&#x1b;[1;31mError: Could not set &apos;file&apos; on ensure: No such file or directory @ dir_s_mkdir - /opt/tomcat/webapps/host-manager/META-INF/context.xml20191031-4517-fu5bbm.lock (file: /etc/puppetlabs/code/environments/production/modules/remote/manifests/init.pp, line: 25)</string>
    <string>Wrapped exception:</string>
    <string>No such file or directory @ dir_s_mkdir - /opt/tomcat/webapps/host-manager/META-INF/context.xml20191031-4517-fu5bbm.lock&#x1b;[0m</string>
    <string>&#x1b;[1;31mError: /Stage[main]/Remote/File[host-manager]/ensure: change from &apos;absent&apos; to &apos;file&apos; failed: Could not set &apos;file&apos; on ensure: No such file or directory @ dir_s_mkdir - /opt/tomcat/webapps/host-manager/META-INF/context.xml20191031-4517-fu5bbm.lock (file: /etc/puppetlabs/code/environments/production/modules/remote/manifests/init.pp, line: 25)&#x1b;[0m</string>
    <string>@@@@@@@@@@@@@@@@@@@@@@@@@@@@@@@@@@@@@@@@@@@@@@@@@@@@@@@@@@@</string>
    <string>@       WARNING: POSSIBLE DNS SPOOFING DETECTED!          @</string>
    <string>@@@@@@@@@@@@@@@@@@@@@@@@@@@@@@@@@@@@@@@@@@@@@@@@@@@@@@@@@@@</string>
    <string>The ECDSA host key for pepuppetubuntubamboojava.zippyops.com has changed,</string>
    <string>and the key for the corresponding IP address 192.168.2.100</string>
    <string>is unknown. This could either mean that</string>
    <string>DNS SPOOFING is happening or the IP address for the host</string>
    <string>and its host key have changed at the same time.</string>
    <string>@@@@@@@@@@@@@@@@@@@@@@@@@@@@@@@@@@@@@@@@@@@@@@@@@@@@@@@@@@@</string>
    <string>@    WARNING: REMOTE HOST IDENTIFICATION HAS CHANGED!     @</string>
    <string>@@@@@@@@@@@@@@@@@@@@@@@@@@@@@@@@@@@@@@@@@@@@@@@@@@@@@@@@@@@</string>
    <string>IT IS POSSIBLE THAT SOMEONE IS DOING SOMETHING NASTY!</string>
    <string>Someone could be eavesdropping on you right now (man-in-the-middle attack)!</string>
    <string>It is also possible that a host key has just been changed.</string>
    <string>The fingerprint for the ECDSA key sent by the remote host is</string>
    <string>SHA256:Ch+vlzelYOY879aUBQPO5pe/AQJ30J3wcoFsDEuqqzE.</string>
    <string>Please contact your system administrator.</string>
    <string>Add correct host key in /root/.ssh/known_hosts to get rid of this message.</string>
    <string>Offending ECDSA key in /root/.ssh/known_hosts:26</string>
    <string>Password authentication is disabled to avoid man-in-the-middle attacks.</string>
    <string>Keyboard-interactive authentication is disabled to avoid man-in-the-middle attacks.</string>
    <string>@@@@@@@@@@@@@@@@@@@@@@@@@@@@@@@@@@@@@@@@@@@@@@@@@@@@@@@@@@@</string>
    <string>@       WARNING: POSSIBLE DNS SPOOFING DETECTED!          @</string>
    <string>@@@@@@@@@@@@@@@@@@@@@@@@@@@@@@@@@@@@@@@@@@@@@@@@@@@@@@@@@@@</string>
    <string>The ECDSA host key for pepuppetubuntubamboojava.zippyops.com has changed,</string>
    <string>and the key for the corresponding IP address 192.168.2.100</string>
    <string>is unknown. This could either mean that</string>
    <string>DNS SPOOFING is happening or the IP address for the host</string>
    <string>and its host key have changed at the same time.</string>
    <string>@@@@@@@@@@@@@@@@@@@@@@@@@@@@@@@@@@@@@@@@@@@@@@@@@@@@@@@@@@@</string>
    <string>@    WARNING: REMOTE HOST IDENTIFICATION HAS CHANGED!     @</string>
    <string>@@@@@@@@@@@@@@@@@@@@@@@@@@@@@@@@@@@@@@@@@@@@@@@@@@@@@@@@@@@</string>
    <string>IT IS POSSIBLE THAT SOMEONE IS DOING SOMETHING NASTY!</string>
    <string>Someone could be eavesdropping on you right now (man-in-the-middle attack)!</string>
    <string>It is also possible that a host key has just been changed.</string>
    <string>The fingerprint for the ECDSA key sent by the remote host is</string>
    <string>SHA256:Ch+vlzelYOY879aUBQPO5pe/AQJ30J3wcoFsDEuqqzE.</string>
    <string>Please contact your system administrator.</string>
    <string>Add correct host key in /root/.ssh/known_hosts to get rid of this message.</string>
    <string>Offending ECDSA key in /root/.ssh/known_hosts:26</string>
    <string>Password authentication is disabled to avoid man-in-the-middle attacks.</string>
    <string>Keyboard-interactive authentication is disabled to avoid man-in-the-middle attacks.</string>
  </myBuildErrors>
  <myBuildNumber>35</myBuildNumber>
  <myBuildDate>1572502887017</myBuildDate>
  <myBuildDuration>309200</myBuildDuration>
  <mySuccessfulTestResults class="empty-list"/>
</BuildResults>