<BuildResults>
  <myReasonForBuild>
    <myReason>Manual build</myReason>
  </myReasonForBuild>
  <myBuildState>
    <myState>Unknown</myState>
  </myBuildState>
  <myBuildErrors class="com.atlassian.bamboo.collections.message.FinalArrayList">
    <string>&#x1b;[1;31mError: Could not retrieve catalog from remote server: Error 500 on SERVER: Server Error: Node &apos;pepuppet-php-wi.openstacklocal&apos; is already defined (file: /etc/puppetlabs/code/environments/production/manifests/site.pp, line: 141); cannot redefine (file: /etc/puppetlabs/code/environments/production/manifests/site.pp, line: 190) on node pepuppetubuntubamboojava.zippyops.com&#x1b;[0m</string>
    <string>&#x1b;[1;33mWarning: Not using cache on failed catalog&#x1b;[0m</string>
    <string>&#x1b;[1;31mError: Could not retrieve catalog; skipping run&#x1b;[0m</string>
    <string>&#x1b;[1;31mError: Could not retrieve catalog from remote server: Error 500 on SERVER: Server Error: Node &apos;pepuppet-php-wi.openstacklocal&apos; is already defined (file: /etc/puppetlabs/code/environments/production/manifests/site.pp, line: 141); cannot redefine (file: /etc/puppetlabs/code/environments/production/manifests/site.pp, line: 190) on node pepuppetubuntubamboojava.zippyops.com&#x1b;[0m</string>
    <string>&#x1b;[1;33mWarning: Not using cache on failed catalog&#x1b;[0m</string>
    <string>&#x1b;[1;31mError: Could not retrieve catalog; skipping run&#x1b;[0m</string>
    <string>Build was manually stopped.</string>
  </myBuildErrors>
  <myBuildNumber>26</myBuildNumber>
  <myBuildDate>1571645215543</myBuildDate>
  <myBuildDuration>35440</myBuildDuration>
  <mySuccessfulTestResults class="empty-list"/>
</BuildResults>