<BuildResults>
  <myReasonForBuild>
    <myReason>Manual build</myReason>
  </myReasonForBuild>
  <myBuildState>
    <myState>Successful</myState>
  </myBuildState>
  <myBuildErrors class="com.atlassian.bamboo.collections.message.FinalArrayList">
    <string>/usr/lib/python2.7/site-packages/requests/__init__.py:91: RequestsDependencyWarning: urllib3 (1.24.1) or chardet (2.2.1) doesn&apos;t match a supported version!</string>
    <string>  RequestsDependencyWarning)</string>
    <string> [WARNING]: Chocolatey was missing from this system, so it was installed during</string>
    <string>this task run.</string>
    <string>/usr/lib/python2.7/site-packages/requests/__init__.py:91: RequestsDependencyWarning: urllib3 (1.24.1) or chardet (2.2.1) doesn&apos;t match a supported version!</string>
    <string>  RequestsDependencyWarning)</string>
  </myBuildErrors>
  <myBuildNumber>15</myBuildNumber>
  <myBuildDate>1565251022086</myBuildDate>
  <myBuildDuration>317984</myBuildDuration>
  <mySuccessfulTestResults class="empty-list"/>
</BuildResults>