<BuildResults>
  <myReasonForBuild>
    <myReason>Manual build</myReason>
  </myReasonForBuild>
  <myBuildState>
    <myState>Successful</myState>
  </myBuildState>
  <myBuildErrors class="com.atlassian.bamboo.collections.message.FinalArrayList">
    <string>/usr/lib/python2.7/site-packages/requests/__init__.py:91: RequestsDependencyWarning: urllib3 (1.24.1) or chardet (2.2.1) doesn&apos;t match a supported version!</string>
    <string>  RequestsDependencyWarning)</string>
    <string>ERROR! Syntax Error while loading YAML.</string>
    <string>  did not find expected key</string>
    <string></string>
    <string>The error appears to be in &apos;/etc/ansible/workspace/java-app/tasks/tomcatwindows.yml&apos;: line 38, column 6, but may</string>
    <string>be elsewhere in the file depending on the exact syntax problem.</string>
    <string></string>
    <string>The offending line appears to be:</string>
    <string></string>
    <string>      url: &quot;http://192.168.2.5:8081/artifactory/Bamboo-Ansible-java/newapp-0.0.1-SNAPSHOT.war&quot;</string>
    <string>     dest: &apos;C:\ProgramData\Tomcat9\webapps\newapp-0.0.1-SNAPSHOT.war&apos;</string>
    <string>     ^ here</string>
    <string>This one looks easy to fix. It seems that there is a value started</string>
    <string>with a quote, and the YAML parser is expecting to see the line ended</string>
    <string>with the same kind of quote. For instance:</string>
    <string></string>
    <string>    when: &quot;ok&quot; in result.stdout</string>
    <string></string>
    <string>Could be written as:</string>
    <string></string>
    <string>   when: &apos;&quot;ok&quot; in result.stdout&apos;</string>
    <string></string>
    <string>Or equivalently:</string>
    <string></string>
    <string>   when: &quot;&apos;ok&apos; in result.stdout&quot;</string>
    <string>/usr/lib/python2.7/site-packages/requests/__init__.py:91: RequestsDependencyWarning: urllib3 (1.24.1) or chardet (2.2.1) doesn&apos;t match a supported version!</string>
    <string>  RequestsDependencyWarning)</string>
    <string>ERROR! Syntax Error while loading YAML.</string>
    <string>  did not find expected key</string>
    <string></string>
    <string>The error appears to be in &apos;/etc/ansible/workspace/java-app/tasks/tomcatwindows.yml&apos;: line 38, column 6, but may</string>
    <string>be elsewhere in the file depending on the exact syntax problem.</string>
    <string></string>
    <string>The offending line appears to be:</string>
    <string></string>
    <string>      url: &quot;http://192.168.2.5:8081/artifactory/Bamboo-Ansible-java/newapp-0.0.1-SNAPSHOT.war&quot;</string>
    <string>     dest: &apos;C:\ProgramData\Tomcat9\webapps\newapp-0.0.1-SNAPSHOT.war&apos;</string>
    <string>     ^ here</string>
    <string>This one looks easy to fix. It seems that there is a value started</string>
    <string>with a quote, and the YAML parser is expecting to see the line ended</string>
    <string>with the same kind of quote. For instance:</string>
    <string></string>
    <string>    when: &quot;ok&quot; in result.stdout</string>
    <string></string>
    <string>Could be written as:</string>
    <string></string>
    <string>   when: &apos;&quot;ok&quot; in result.stdout&apos;</string>
    <string></string>
    <string>Or equivalently:</string>
    <string></string>
    <string>   when: &quot;&apos;ok&apos; in result.stdout&quot;</string>
  </myBuildErrors>
  <myBuildNumber>16</myBuildNumber>
  <myBuildDate>1565252740200</myBuildDate>
  <myBuildDuration>2015</myBuildDuration>
  <mySuccessfulTestResults class="empty-list"/>
</BuildResults>