<BuildResults>
  <myReasonForBuild>
    <myReason>Code has changed</myReason>
  </myReasonForBuild>
  <myBuildState>
    <myState>Successful</myState>
  </myBuildState>
  <myBuildErrors class="com.atlassian.bamboo.collections.message.FinalArrayList">
    <string>/usr/lib/python2.7/site-packages/requests/__init__.py:91: RequestsDependencyWarning: urllib3 (1.10.2) or chardet (2.2.1) doesn&apos;t match a supported version!</string>
    <string>  RequestsDependencyWarning)</string>
    <string>/usr/lib/python2.7/site-packages/requests/__init__.py:91: RequestsDependencyWarning: urllib3 (1.10.2) or chardet (2.2.1) doesn&apos;t match a supported version!</string>
    <string>  RequestsDependencyWarning)</string>
    <string>/usr/lib/python2.7/site-packages/requests/__init__.py:91: RequestsDependencyWarning: urllib3 (1.10.2) or chardet (2.2.1) doesn&apos;t match a supported version!</string>
    <string>  RequestsDependencyWarning)</string>
    <string>/usr/lib/python2.7/site-packages/requests/__init__.py:91: RequestsDependencyWarning: urllib3 (1.10.2) or chardet (2.2.1) doesn&apos;t match a supported version!</string>
    <string>  RequestsDependencyWarning)</string>
    <string>/usr/lib/python2.7/site-packages/requests/__init__.py:91: RequestsDependencyWarning: urllib3 (1.10.2) or chardet (2.2.1) doesn&apos;t match a supported version!</string>
    <string>  RequestsDependencyWarning)</string>
    <string>/usr/lib/python2.7/site-packages/requests/__init__.py:91: RequestsDependencyWarning: urllib3 (1.10.2) or chardet (2.2.1) doesn&apos;t match a supported version!</string>
    <string>  RequestsDependencyWarning)</string>
    <string>/usr/lib/python2.7/site-packages/requests/__init__.py:91: RequestsDependencyWarning: urllib3 (1.10.2) or chardet (2.2.1) doesn&apos;t match a supported version!</string>
    <string>  RequestsDependencyWarning)</string>
    <string>/usr/lib/python2.7/site-packages/requests/__init__.py:91: RequestsDependencyWarning: urllib3 (1.10.2) or chardet (2.2.1) doesn&apos;t match a supported version!</string>
    <string>  RequestsDependencyWarning)</string>
    <string>/usr/lib/python2.7/site-packages/requests/__init__.py:91: RequestsDependencyWarning: urllib3 (1.10.2) or chardet (2.2.1) doesn&apos;t match a supported version!</string>
    <string>  RequestsDependencyWarning)</string>
    <string>/usr/lib/python2.7/site-packages/requests/__init__.py:91: RequestsDependencyWarning: urllib3 (1.10.2) or chardet (2.2.1) doesn&apos;t match a supported version!</string>
    <string>  RequestsDependencyWarning)</string>
    <string>/usr/lib/python2.7/site-packages/requests/__init__.py:91: RequestsDependencyWarning: urllib3 (1.10.2) or chardet (2.2.1) doesn&apos;t match a supported version!</string>
    <string>  RequestsDependencyWarning)</string>
    <string>/usr/lib/python2.7/site-packages/requests/__init__.py:91: RequestsDependencyWarning: urllib3 (1.10.2) or chardet (2.2.1) doesn&apos;t match a supported version!</string>
    <string>  RequestsDependencyWarning)</string>
  </myBuildErrors>
  <myBuildNumber>40</myBuildNumber>
  <myBuildDate>1565441483360</myBuildDate>
  <myBuildDuration>1915</myBuildDuration>
  <mySuccessfulTestResults class="empty-list"/>
</BuildResults>