<BuildResults>
  <myReasonForBuild>
    <myReason>Manual build</myReason>
  </myReasonForBuild>
  <myBuildState>
    <myState>Successful</myState>
  </myBuildState>
  <myBuildErrors class="com.atlassian.bamboo.collections.message.FinalArrayList">
    <string> [WARNING]: Chocolatey was missing from this system, so it was installed during</string>
    <string>this task run.</string>
  </myBuildErrors>
  <myBuildNumber>43</myBuildNumber>
  <myBuildDate>1565587928913</myBuildDate>
  <myBuildDuration>245575</myBuildDuration>
  <mySuccessfulTestResults class="empty-list"/>
</BuildResults>