<BuildResults>
  <myReasonForBuild>
    <myReason>Code has changed</myReason>
  </myReasonForBuild>
  <myBuildState>
    <myState>Successful</myState>
  </myBuildState>
  <myBuildErrors class="com.atlassian.bamboo.collections.message.FinalArrayList">
    <string>Could not find test result reports in the /var/atlassian/application/bamboo/xml-data/build-dir/AN-AN-JOB1 directory.</string>
  </myBuildErrors>
  <myBuildNumber>46</myBuildNumber>
  <myBuildDate>1565591035230</myBuildDate>
  <myBuildDuration>2843</myBuildDuration>
  <mySuccessfulTestResults/>
</BuildResults>