<BuildResults>
  <myReasonForBuild>
    <myReason>Manual build</myReason>
  </myReasonForBuild>
  <myBuildState>
    <myState>Successful</myState>
  </myBuildState>
  <myBuildErrors class="com.atlassian.bamboo.collections.message.FinalArrayList">
    <string>Could not find test result reports in the /var/atlassian/application/bamboo/xml-data/build-dir/AN-AN-JOB1 directory.</string>
    <string>Permission denied (publickey,gssapi-keyex,gssapi-with-mic).</string>
    <string>Permission denied (publickey,gssapi-keyex,gssapi-with-mic).</string>
    <string>ssh: Could not resolve hostname ansibleubuntujava.zippyops.com: Name or service not known</string>
    <string>Permission denied (publickey,gssapi-keyex,gssapi-with-mic).</string>
    <string>Permission denied (publickey,gssapi-keyex,gssapi-with-mic).</string>
  </myBuildErrors>
  <myBuildNumber>64</myBuildNumber>
  <myBuildDate>1568201357336</myBuildDate>
  <myBuildDuration>3038</myBuildDuration>
  <mySuccessfulTestResults/>
</BuildResults>