<BuildResults>
  <myReasonForBuild>
    <myReason>Code has changed</myReason>
  </myReasonForBuild>
  <myBuildState>
    <myState>Successful</myState>
  </myBuildState>
  <myBuildErrors class="com.atlassian.bamboo.collections.message.FinalArrayList">
    <string>Could not find test result reports in the /var/atlassian/application/bamboo/xml-data/build-dir/AN-AN-JOB1 directory.</string>
    <string>Warning: Permanently added &apos;ansibleubuntujava.zippyops.com&apos; (ECDSA) to the list of known hosts.</string>
  </myBuildErrors>
  <myBuildNumber>52</myBuildNumber>
  <myBuildDate>1565592636782</myBuildDate>
  <myBuildDuration>91682</myBuildDuration>
  <mySuccessfulTestResults/>
</BuildResults>