<BuildResults>
  <myReasonForBuild>
    <myReason>Manual build</myReason>
  </myReasonForBuild>
  <myBuildState>
    <myState>Failed</myState>
  </myBuildState>
  <myBuildErrors class="com.atlassian.bamboo.collections.message.FinalArrayList">
    <string>Could not find test result reports in the /var/atlassian/application/bamboo/xml-data/build-dir/AN-AN-JOB1 directory.</string>
    <string>/usr/lib/python2.7/site-packages/requests/__init__.py:91: RequestsDependencyWarning: urllib3 (1.24.1) or chardet (2.2.1) doesn&apos;t match a supported version!</string>
    <string>  RequestsDependencyWarning)</string>
  </myBuildErrors>
  <myBuildNumber>9</myBuildNumber>
  <myBuildDate>1565243091753</myBuildDate>
  <myBuildDuration>10309</myBuildDuration>
  <mySuccessfulTestResults/>
</BuildResults>