<BuildResults>
  <myReasonForBuild>
    <myReason>Manual build</myReason>
  </myReasonForBuild>
  <myBuildState>
    <myState>Failed</myState>
  </myBuildState>
  <myBuildErrors class="com.atlassian.bamboo.collections.message.FinalArrayList">
    <string>Could not find test result reports in the /var/atlassian/application/bamboo/xml-data/build-dir/AN-AN-JOB1 directory.</string>
    <string>/var/atlassian/application/bamboo/temp/AN-AN-JOB1-7-ScriptBuildTask-4241490765854647403.sh: line 1: 192.168.2.9: command not found</string>
  </myBuildErrors>
  <myBuildNumber>7</myBuildNumber>
  <myBuildDate>1565241871061</myBuildDate>
  <myBuildDuration>2710</myBuildDuration>
  <mySuccessfulTestResults/>
</BuildResults>