<BuildResults>
  <myReasonForBuild>
    <myReason>Manual build</myReason>
  </myReasonForBuild>
  <myBuildState>
    <myState>Successful</myState>
  </myBuildState>
  <myBuildErrors class="com.atlassian.bamboo.collections.message.FinalArrayList">
    <string>Could not find test result reports in the /var/atlassian/application/bamboo/xml-data/build-dir/AN-AN-JOB1 directory.</string>
  </myBuildErrors>
  <myBuildNumber>79</myBuildNumber>
  <myBuildDate>1568964937736</myBuildDate>
  <myBuildDuration>2527</myBuildDuration>
  <mySuccessfulTestResults/>
</BuildResults>