<BuildResults>
  <myReasonForBuild>
    <myReason>Manual build</myReason>
  </myReasonForBuild>
  <myBuildState>
    <myState>Failed</myState>
  </myBuildState>
  <myBuildErrors class="com.atlassian.bamboo.collections.message.FinalArrayList">
    <string>Could not find test result reports in the /var/atlassian/application/bamboo/xml-data/build-dir/AN-AN-JOB1 directory.</string>
    <string>Host key verification failed.</string>
  </myBuildErrors>
  <myBuildNumber>8</myBuildNumber>
  <myBuildDate>1565242220968</myBuildDate>
  <myBuildDuration>2666</myBuildDuration>
  <mySuccessfulTestResults/>
</BuildResults>