<BuildResults>
  <myReasonForBuild>
    <myReason>Code has changed</myReason>
  </myReasonForBuild>
  <myBuildState>
    <myState>Successful</myState>
  </myBuildState>
  <myBuildErrors class="com.atlassian.bamboo.collections.message.FinalArrayList">
    <string>Could not find test result reports in the /var/atlassian/application/bamboo/xml-data/build-dir/AN-AN-JOB1 directory.</string>
    <string>@@@@@@@@@@@@@@@@@@@@@@@@@@@@@@@@@@@@@@@@@@@@@@@@@@@@@@@@@@@</string>
    <string>@    WARNING: REMOTE HOST IDENTIFICATION HAS CHANGED!     @</string>
    <string>@@@@@@@@@@@@@@@@@@@@@@@@@@@@@@@@@@@@@@@@@@@@@@@@@@@@@@@@@@@</string>
    <string>IT IS POSSIBLE THAT SOMEONE IS DOING SOMETHING NASTY!</string>
    <string>Someone could be eavesdropping on you right now (man-in-the-middle attack)!</string>
    <string>It is also possible that a host key has just been changed.</string>
    <string>The fingerprint for the RSA key sent by the remote host is</string>
    <string>SHA256:I0fqSc42DAoFPOVrOMUXCWTS05Q+XLVNDm7WZDuTBsQ.</string>
    <string>Please contact your system administrator.</string>
    <string>Add correct host key in /home/bamboo/.ssh/known_hosts to get rid of this message.</string>
    <string>Offending RSA key in /home/bamboo/.ssh/known_hosts:1</string>
    <string>Password authentication is disabled to avoid man-in-the-middle attacks.</string>
    <string>Keyboard-interactive authentication is disabled to avoid man-in-the-middle attacks.</string>
    <string>@@@@@@@@@@@@@@@@@@@@@@@@@@@@@@@@@@@@@@@@@@@@@@@@@@@@@@@@@@@</string>
    <string>@    WARNING: REMOTE HOST IDENTIFICATION HAS CHANGED!     @</string>
    <string>@@@@@@@@@@@@@@@@@@@@@@@@@@@@@@@@@@@@@@@@@@@@@@@@@@@@@@@@@@@</string>
    <string>IT IS POSSIBLE THAT SOMEONE IS DOING SOMETHING NASTY!</string>
    <string>Someone could be eavesdropping on you right now (man-in-the-middle attack)!</string>
    <string>It is also possible that a host key has just been changed.</string>
    <string>The fingerprint for the RSA key sent by the remote host is</string>
    <string>SHA256:I0fqSc42DAoFPOVrOMUXCWTS05Q+XLVNDm7WZDuTBsQ.</string>
    <string>Please contact your system administrator.</string>
    <string>Add correct host key in /home/bamboo/.ssh/known_hosts to get rid of this message.</string>
    <string>Offending RSA key in /home/bamboo/.ssh/known_hosts:1</string>
    <string>Password authentication is disabled to avoid man-in-the-middle attacks.</string>
    <string>Keyboard-interactive authentication is disabled to avoid man-in-the-middle attacks.</string>
    <string>@@@@@@@@@@@@@@@@@@@@@@@@@@@@@@@@@@@@@@@@@@@@@@@@@@@@@@@@@@@</string>
    <string>@       WARNING: POSSIBLE DNS SPOOFING DETECTED!          @</string>
    <string>@@@@@@@@@@@@@@@@@@@@@@@@@@@@@@@@@@@@@@@@@@@@@@@@@@@@@@@@@@@</string>
    <string>The ECDSA host key for ansibleubuntujava.zippyops.com has changed,</string>
    <string>and the key for the corresponding IP address 192.168.2.12</string>
    <string>has a different value. This could either mean that</string>
    <string>DNS SPOOFING is happening or the IP address for the host</string>
    <string>and its host key have changed at the same time.</string>
    <string>Offending key for IP in /home/bamboo/.ssh/known_hosts:6</string>
    <string>@@@@@@@@@@@@@@@@@@@@@@@@@@@@@@@@@@@@@@@@@@@@@@@@@@@@@@@@@@@</string>
    <string>@    WARNING: REMOTE HOST IDENTIFICATION HAS CHANGED!     @</string>
    <string>@@@@@@@@@@@@@@@@@@@@@@@@@@@@@@@@@@@@@@@@@@@@@@@@@@@@@@@@@@@</string>
    <string>IT IS POSSIBLE THAT SOMEONE IS DOING SOMETHING NASTY!</string>
    <string>Someone could be eavesdropping on you right now (man-in-the-middle attack)!</string>
    <string>It is also possible that a host key has just been changed.</string>
    <string>The fingerprint for the ECDSA key sent by the remote host is</string>
    <string>SHA256:O6brqhnYAep9kVQiie5bWHoSTtwKhOcqmJJntCHGeZc.</string>
    <string>Please contact your system administrator.</string>
    <string>Add correct host key in /home/bamboo/.ssh/known_hosts to get rid of this message.</string>
    <string>Offending ECDSA key in /home/bamboo/.ssh/known_hosts:7</string>
    <string>Password authentication is disabled to avoid man-in-the-middle attacks.</string>
    <string>Keyboard-interactive authentication is disabled to avoid man-in-the-middle attacks.</string>
    <string>@@@@@@@@@@@@@@@@@@@@@@@@@@@@@@@@@@@@@@@@@@@@@@@@@@@@@@@@@@@</string>
    <string>@    WARNING: REMOTE HOST IDENTIFICATION HAS CHANGED!     @</string>
    <string>@@@@@@@@@@@@@@@@@@@@@@@@@@@@@@@@@@@@@@@@@@@@@@@@@@@@@@@@@@@</string>
    <string>IT IS POSSIBLE THAT SOMEONE IS DOING SOMETHING NASTY!</string>
    <string>Someone could be eavesdropping on you right now (man-in-the-middle attack)!</string>
    <string>It is also possible that a host key has just been changed.</string>
    <string>The fingerprint for the RSA key sent by the remote host is</string>
    <string>SHA256:I0fqSc42DAoFPOVrOMUXCWTS05Q+XLVNDm7WZDuTBsQ.</string>
    <string>Please contact your system administrator.</string>
    <string>Add correct host key in /home/bamboo/.ssh/known_hosts to get rid of this message.</string>
    <string>Offending RSA key in /home/bamboo/.ssh/known_hosts:1</string>
    <string>Password authentication is disabled to avoid man-in-the-middle attacks.</string>
    <string>Keyboard-interactive authentication is disabled to avoid man-in-the-middle attacks.</string>
    <string>@@@@@@@@@@@@@@@@@@@@@@@@@@@@@@@@@@@@@@@@@@@@@@@@@@@@@@@@@@@</string>
    <string>@    WARNING: REMOTE HOST IDENTIFICATION HAS CHANGED!     @</string>
    <string>@@@@@@@@@@@@@@@@@@@@@@@@@@@@@@@@@@@@@@@@@@@@@@@@@@@@@@@@@@@</string>
    <string>IT IS POSSIBLE THAT SOMEONE IS DOING SOMETHING NASTY!</string>
    <string>Someone could be eavesdropping on you right now (man-in-the-middle attack)!</string>
    <string>It is also possible that a host key has just been changed.</string>
    <string>The fingerprint for the RSA key sent by the remote host is</string>
    <string>SHA256:I0fqSc42DAoFPOVrOMUXCWTS05Q+XLVNDm7WZDuTBsQ.</string>
    <string>Please contact your system administrator.</string>
    <string>Add correct host key in /home/bamboo/.ssh/known_hosts to get rid of this message.</string>
    <string>Offending RSA key in /home/bamboo/.ssh/known_hosts:1</string>
    <string>Password authentication is disabled to avoid man-in-the-middle attacks.</string>
    <string>Keyboard-interactive authentication is disabled to avoid man-in-the-middle attacks.</string>
  </myBuildErrors>
  <myBuildNumber>61</myBuildNumber>
  <myBuildDate>1567507482168</myBuildDate>
  <myBuildDuration>178090</myBuildDuration>
  <mySuccessfulTestResults/>
</BuildResults>