<BuildResults>
  <myReasonForBuild>
    <myReason>Manual build</myReason>
  </myReasonForBuild>
  <myBuildState>
    <myState>Successful</myState>
  </myBuildState>
  <myBuildErrors class="com.atlassian.bamboo.collections.message.FinalArrayList">
    <string>Could not find test result reports in the /var/atlassian/application/bamboo/xml-data/build-dir/AN-AN-JOB1 directory.</string>
    <string>Permission denied (publickey,gssapi-keyex,gssapi-with-mic).</string>
    <string>Permission denied (publickey,gssapi-keyex,gssapi-with-mic).</string>
    <string>Host key verification failed.</string>
    <string>Permission denied (publickey,gssapi-keyex,gssapi-with-mic).</string>
    <string>Permission denied (publickey,gssapi-keyex,gssapi-with-mic).</string>
  </myBuildErrors>
  <myBuildNumber>65</myBuildNumber>
  <myBuildDate>1568208983151</myBuildDate>
  <myBuildDuration>2914</myBuildDuration>
  <mySuccessfulTestResults/>
</BuildResults>