<BuildResults>
  <myReasonForBuild>
    <myReason>Manual build</myReason>
  </myReasonForBuild>
  <myBuildState>
    <myState>Failed</myState>
  </myBuildState>
  <myBuildErrors class="com.atlassian.bamboo.collections.message.FinalArrayList">
    <string>/usr/lib/python2.7/site-packages/requests/__init__.py:91: RequestsDependencyWarning: urllib3 (1.24.1) or chardet (2.2.1) doesn&apos;t match a supported version!</string>
    <string>  RequestsDependencyWarning)</string>
    <string> [WARNING]: While constructing a mapping from /etc/ansible/workspace/Ansible-</string>
    <string>php-wordpress-playbook/centos.yml, line 6, column 5, found a duplicate dict key</string>
    <string>(command). Using last defined value only.</string>
  </myBuildErrors>
  <myBuildNumber>5</myBuildNumber>
  <myBuildDate>1565251610291</myBuildDate>
  <myBuildDuration>4488</myBuildDuration>
  <mySuccessfulTestResults class="empty-list"/>
</BuildResults>