<BuildResults>
  <myReasonForBuild>
    <myReason>Manual build</myReason>
  </myReasonForBuild>
  <myBuildState>
    <myState>Successful</myState>
  </myBuildState>
  <myBuildErrors class="com.atlassian.bamboo.collections.message.FinalArrayList">
    <string>Creating new client for bamboochefwindowsdotnet.zippyops.com</string>
    <string>Creating new node for bamboochefwindowsdotnet.zippyops.com</string>
    <string>Remote node responded after 0.0 minutes.</string>
    <string>Bootstrapping Chef on bamboochefwindowsdotnet.zippyops.com</string>
  </myBuildErrors>
  <myBuildNumber>7</myBuildNumber>
  <myBuildDate>1570685014849</myBuildDate>
  <myBuildDuration>386774</myBuildDuration>
  <mySuccessfulTestResults class="empty-list"/>
</BuildResults>