<BuildResults>
  <myReasonForBuild>
    <myReason>Manual build</myReason>
  </myReasonForBuild>
  <myBuildState>
    <myState>Failed</myState>
  </myBuildState>
  <myBuildErrors class="com.atlassian.bamboo.collections.message.FinalArrayList">
    <string>/var/atlassian/application/bamboo/temp/PUPW-PUP-JOB1-1-ScriptBuildTask-3287734499304763898.sh: line 1: import: command not found</string>
    <string>/var/atlassian/application/bamboo/temp/PUPW-PUP-JOB1-1-ScriptBuildTask-3287734499304763898.sh: line 2: syntax error near unexpected token `(&apos;</string>
    <string>/var/atlassian/application/bamboo/temp/PUPW-PUP-JOB1-1-ScriptBuildTask-3287734499304763898.sh: line 2: `s = winrm.Session(&apos;puppetwindowsbamboojava.zippyops.com&apos;, auth=(&apos;demo&apos;, &apos;2!ppy0ps&apos;))&apos;</string>
  </myBuildErrors>
  <myBuildNumber>1</myBuildNumber>
  <myBuildDate>1570775044105</myBuildDate>
  <myBuildDuration>12</myBuildDuration>
  <mySuccessfulTestResults class="empty-list"/>
</BuildResults>