<BuildResults>
  <myReasonForBuild>
    <myReason>Dependency build</myReason>
  </myReasonForBuild>
  <myBuildState>
    <myState>Failed</myState>
  </myBuildState>
  <myBuildErrors class="com.atlassian.bamboo.collections.message.FinalArrayList">
    <string>Traceback (most recent call last):</string>
    <string>  File &quot;/var/atlassian/application/bamboo/temp/PUPW-PUP-JOB1-29-ScriptBuildTask-5772660985470770849.sh&quot;, line 4, in &lt;module&gt;</string>
    <string>    r = s.run_cmd(&quot;puppet agent -t&quot;)</string>
    <string>  File &quot;/usr/lib/python2.7/site-packages/winrm/__init__.py&quot;, line 39, in run_cmd</string>
    <string>    rs = Response(self.protocol.get_command_output(shell_id, command_id))</string>
    <string>  File &quot;/usr/lib/python2.7/site-packages/winrm/protocol.py&quot;, line 398, in get_command_output</string>
    <string>    self._raw_get_command_output(shell_id, command_id)</string>
    <string>  File &quot;/usr/lib/python2.7/site-packages/winrm/protocol.py&quot;, line 417, in _raw_get_command_output</string>
    <string>    res = self.send_message(xmltodict.unparse(req))</string>
    <string>  File &quot;/usr/lib/python2.7/site-packages/winrm/protocol.py&quot;, line 234, in send_message</string>
    <string>    resp = self.transport.send_message(message)</string>
    <string>  File &quot;/usr/lib/python2.7/site-packages/winrm/transport.py&quot;, line 256, in send_message</string>
    <string>    response = self._send_message_request(prepared_request, message)</string>
    <string>  File &quot;/usr/lib/python2.7/site-packages/winrm/transport.py&quot;, line 261, in _send_message_request</string>
    <string>    response = self.session.send(prepared_request, timeout=self.read_timeout_sec)</string>
    <string>  File &quot;/usr/lib/python2.7/site-packages/requests/sessions.py&quot;, line 646, in send</string>
    <string>    r = adapter.send(request, **kwargs)</string>
    <string>  File &quot;/usr/lib/python2.7/site-packages/requests/adapters.py&quot;, line 529, in send</string>
    <string>    raise ReadTimeout(e, request=request)</string>
    <string>requests.exceptions.ReadTimeout: HTTPConnectionPool(host=&apos;pepuppetwindowsbamboojava.zippyops.com&apos;, port=5985): Read timed out. (read timeout=30)</string>
  </myBuildErrors>
  <myBuildNumber>29</myBuildNumber>
  <myBuildDate>1571645597182</myBuildDate>
  <myBuildDuration>187393</myBuildDuration>
  <mySuccessfulTestResults class="empty-list"/>
</BuildResults>