<BuildResults>
  <myReasonForBuild>
    <myReason>Dependency build</myReason>
  </myReasonForBuild>
  <myBuildState>
    <myState>Failed</myState>
  </myBuildState>
  <myBuildErrors class="com.atlassian.bamboo.collections.message.FinalArrayList">
    <string>Traceback (most recent call last):</string>
    <string>  File &quot;/var/atlassian/application/bamboo/temp/PUPW-PUP-JOB1-26-ScriptBuildTask-3862675390004846239.sh&quot;, line 4, in &lt;module&gt;</string>
    <string>    r = s.run_cmd(&quot;puppet agent -t&quot;)</string>
    <string>  File &quot;/usr/lib/python2.7/site-packages/winrm/__init__.py&quot;, line 37, in run_cmd</string>
    <string>    shell_id = self.protocol.open_shell()</string>
    <string>  File &quot;/usr/lib/python2.7/site-packages/winrm/protocol.py&quot;, line 157, in open_shell</string>
    <string>    res = self.send_message(xmltodict.unparse(req))</string>
    <string>  File &quot;/usr/lib/python2.7/site-packages/winrm/protocol.py&quot;, line 256, in send_message</string>
    <string>    raise WinRMOperationTimeoutError()</string>
    <string>winrm.exceptions.WinRMOperationTimeoutError</string>
  </myBuildErrors>
  <myBuildNumber>26</myBuildNumber>
  <myBuildDate>1571643853423</myBuildDate>
  <myBuildDuration>22132</myBuildDuration>
  <mySuccessfulTestResults class="empty-list"/>
</BuildResults>