<BuildResults>
  <myReasonForBuild>
    <myReason>Manual build</myReason>
  </myReasonForBuild>
  <myBuildState>
    <myState>Failed</myState>
  </myBuildState>
  <myBuildErrors class="com.atlassian.bamboo.collections.message.FinalArrayList">
    <string>Warning: Permanently added &apos;bamboochefcentosphp.zippyops.com,192.168.2.65&apos; (ECDSA) to the list of known hosts.</string>
    <string>Permission denied (publickey,gssapi-keyex,gssapi-with-mic).</string>
  </myBuildErrors>
  <myBuildNumber>2</myBuildNumber>
  <myBuildDate>1570100023217</myBuildDate>
  <myBuildDuration>207</myBuildDuration>
  <mySuccessfulTestResults class="empty-list"/>
</BuildResults>