<BuildResults>
  <myReasonForBuild>
    <myReason>Dependency build</myReason>
  </myReasonForBuild>
  <myBuildState>
    <myState>Successful</myState>
  </myBuildState>
  <myBuildErrors class="com.atlassian.bamboo.collections.message.FinalArrayList">
    <string>@@@@@@@@@@@@@@@@@@@@@@@@@@@@@@@@@@@@@@@@@@@@@@@@@@@@@@@@@@@</string>
    <string>@       WARNING: POSSIBLE DNS SPOOFING DETECTED!          @</string>
    <string>@@@@@@@@@@@@@@@@@@@@@@@@@@@@@@@@@@@@@@@@@@@@@@@@@@@@@@@@@@@</string>
    <string>The ECDSA host key for bamboochefcentosphp.zippyops.com has changed,</string>
    <string>and the key for the corresponding IP address 192.168.2.17</string>
    <string>has a different value. This could either mean that</string>
    <string>DNS SPOOFING is happening or the IP address for the host</string>
    <string>and its host key have changed at the same time.</string>
    <string>Offending key for IP in /root/.ssh/known_hosts:17</string>
    <string>@@@@@@@@@@@@@@@@@@@@@@@@@@@@@@@@@@@@@@@@@@@@@@@@@@@@@@@@@@@</string>
    <string>@    WARNING: REMOTE HOST IDENTIFICATION HAS CHANGED!     @</string>
    <string>@@@@@@@@@@@@@@@@@@@@@@@@@@@@@@@@@@@@@@@@@@@@@@@@@@@@@@@@@@@</string>
    <string>IT IS POSSIBLE THAT SOMEONE IS DOING SOMETHING NASTY!</string>
    <string>Someone could be eavesdropping on you right now (man-in-the-middle attack)!</string>
    <string>It is also possible that a host key has just been changed.</string>
    <string>The fingerprint for the ECDSA key sent by the remote host is</string>
    <string>SHA256:AyPOdGwVhIbAqcD+zXPr/9HfmW0R5/qTqxsNYFwpdx4.</string>
    <string>Please contact your system administrator.</string>
    <string>Add correct host key in /root/.ssh/known_hosts to get rid of this message.</string>
    <string>Offending ECDSA key in /root/.ssh/known_hosts:14</string>
    <string>Password authentication is disabled to avoid man-in-the-middle attacks.</string>
    <string>Keyboard-interactive authentication is disabled to avoid man-in-the-middle attacks.</string>
    <string>  % Total    % Received % Xferd  Average Speed   Time    Time     Time  Current</string>
    <string>                                 Dload  Upload   Total   Spent    Left  Speed</string>
    <string></string>
    <string>  0     0    0     0    0     0      0      0 --:--:-- --:--:-- --:--:--     0</string>
    <string>  0     0    0     0    0     0      0      0 --:--:-- --:--:-- --:--:--     0</string>
    <string>  0     0    0     0    0     0      0      0 --:--:--  0:00:01 --:--:--     0</string>
    <string>  0 10.6M    0 65124    0     0  27515      0  0:06:46  0:00:02  0:06:44 27513</string>
    <string>  5 10.6M    5  623k    0     0   146k      0  0:01:14  0:00:04  0:01:10  146k</string>
    <string>  5 10.6M    5  623k    0     0   118k      0  0:01:32  0:00:05  0:01:27  118k</string>
    <string>  5 10.6M    5  623k    0     0   111k      0  0:01:37  0:00:05  0:01:32  122k</string>
    <string>  5 10.6M    5  639k    0     0    99k      0  0:01:49  0:00:06  0:01:43  129k</string>
    <string>  7 10.6M    7  799k    0     0   109k      0  0:01:39  0:00:07  0:01:32  150k</string>
    <string> 16 10.6M   16 1791k    0     0   216k      0  0:00:50  0:00:08  0:00:42  290k</string>
    <string> 31 10.6M   31 3471k    0     0   374k      0  0:00:29  0:00:09  0:00:20  709k</string>
    <string> 57 10.6M   57 6271k    0     0   610k      0  0:00:17  0:00:10  0:00:07 1204k</string>
    <string> 99 10.6M   99 10.6M    0     0   965k      0  0:00:11  0:00:11 --:--:-- 2109k</string>
    <string>100 10.6M  100 10.6M    0     0   969k      0  0:00:11  0:00:11 --:--:-- 2528k</string>
  </myBuildErrors>
  <myBuildNumber>8</myBuildNumber>
  <myBuildDate>1570618039308</myBuildDate>
  <myBuildDuration>175206</myBuildDuration>
  <mySuccessfulTestResults class="empty-list"/>
</BuildResults>