<BuildResults>
  <myReasonForBuild>
    <myReason>Manual build</myReason>
  </myReasonForBuild>
  <myBuildState>
    <myState>Failed</myState>
  </myBuildState>
  <myBuildErrors class="com.atlassian.bamboo.collections.message.FinalArrayList">
    <string>@@@@@@@@@@@@@@@@@@@@@@@@@@@@@@@@@@@@@@@@@@@@@@@@@@@@@@@@@@@</string>
    <string>@       WARNING: POSSIBLE DNS SPOOFING DETECTED!          @</string>
    <string>@@@@@@@@@@@@@@@@@@@@@@@@@@@@@@@@@@@@@@@@@@@@@@@@@@@@@@@@@@@</string>
    <string>The ECDSA host key for bamboochefcentosphp.zippyops.com has changed,</string>
    <string>and the key for the corresponding IP address 192.168.2.76</string>
    <string>is unknown. This could either mean that</string>
    <string>DNS SPOOFING is happening or the IP address for the host</string>
    <string>and its host key have changed at the same time.</string>
    <string>@@@@@@@@@@@@@@@@@@@@@@@@@@@@@@@@@@@@@@@@@@@@@@@@@@@@@@@@@@@</string>
    <string>@    WARNING: REMOTE HOST IDENTIFICATION HAS CHANGED!     @</string>
    <string>@@@@@@@@@@@@@@@@@@@@@@@@@@@@@@@@@@@@@@@@@@@@@@@@@@@@@@@@@@@</string>
    <string>IT IS POSSIBLE THAT SOMEONE IS DOING SOMETHING NASTY!</string>
    <string>Someone could be eavesdropping on you right now (man-in-the-middle attack)!</string>
    <string>It is also possible that a host key has just been changed.</string>
    <string>The fingerprint for the ECDSA key sent by the remote host is</string>
    <string>SHA256:yQBYGoja4Po7CiIoZyRZDJeGpDJHgfm+P0ftQCZwdf0.</string>
    <string>Please contact your system administrator.</string>
    <string>Add correct host key in /root/.ssh/known_hosts to get rid of this message.</string>
    <string>Offending ECDSA key in /root/.ssh/known_hosts:14</string>
    <string>Password authentication is disabled to avoid man-in-the-middle attacks.</string>
    <string>Keyboard-interactive authentication is disabled to avoid man-in-the-middle attacks.</string>
  </myBuildErrors>
  <myBuildNumber>5</myBuildNumber>
  <myBuildDate>1570607596802</myBuildDate>
  <myBuildDuration>19073</myBuildDuration>
  <mySuccessfulTestResults class="empty-list"/>
</BuildResults>