<BuildResults>
  <myReasonForBuild>
    <myReason>Dependency build</myReason>
  </myReasonForBuild>
  <myBuildState>
    <myState>Successful</myState>
  </myBuildState>
  <myBuildErrors class="com.atlassian.bamboo.collections.message.FinalArrayList">
    <string>@@@@@@@@@@@@@@@@@@@@@@@@@@@@@@@@@@@@@@@@@@@@@@@@@@@@@@@@@@@</string>
    <string>@       WARNING: POSSIBLE DNS SPOOFING DETECTED!          @</string>
    <string>@@@@@@@@@@@@@@@@@@@@@@@@@@@@@@@@@@@@@@@@@@@@@@@@@@@@@@@@@@@</string>
    <string>The ECDSA host key for bamboochefcentosphp.zippyops.com has changed,</string>
    <string>and the key for the corresponding IP address 192.168.2.72</string>
    <string>is unknown. This could either mean that</string>
    <string>DNS SPOOFING is happening or the IP address for the host</string>
    <string>and its host key have changed at the same time.</string>
    <string>@@@@@@@@@@@@@@@@@@@@@@@@@@@@@@@@@@@@@@@@@@@@@@@@@@@@@@@@@@@</string>
    <string>@    WARNING: REMOTE HOST IDENTIFICATION HAS CHANGED!     @</string>
    <string>@@@@@@@@@@@@@@@@@@@@@@@@@@@@@@@@@@@@@@@@@@@@@@@@@@@@@@@@@@@</string>
    <string>IT IS POSSIBLE THAT SOMEONE IS DOING SOMETHING NASTY!</string>
    <string>Someone could be eavesdropping on you right now (man-in-the-middle attack)!</string>
    <string>It is also possible that a host key has just been changed.</string>
    <string>The fingerprint for the ECDSA key sent by the remote host is</string>
    <string>SHA256:HUeBg1XStdgpfgXW8L930rbVsnwGlC8UJAE6SJBkI9M.</string>
    <string>Please contact your system administrator.</string>
    <string>Add correct host key in /root/.ssh/known_hosts to get rid of this message.</string>
    <string>Offending ECDSA key in /root/.ssh/known_hosts:14</string>
    <string>Password authentication is disabled to avoid man-in-the-middle attacks.</string>
    <string>Keyboard-interactive authentication is disabled to avoid man-in-the-middle attacks.</string>
    <string>  % Total    % Received % Xferd  Average Speed   Time    Time     Time  Current</string>
    <string>                                 Dload  Upload   Total   Spent    Left  Speed</string>
    <string></string>
    <string>  0     0    0     0    0     0      0      0 --:--:-- --:--:-- --:--:--     0</string>
    <string>  0     0    0     0    0     0      0      0 --:--:-- --:--:-- --:--:--     0</string>
    <string>  0     0    0     0    0     0      0      0 --:--:--  0:00:01 --:--:--     0</string>
    <string>  1 10.6M    1  175k    0     0  77224      0  0:02:25  0:00:02  0:02:23 77238</string>
    <string> 31 10.6M   31 3407k    0     0  1024k      0  0:00:10  0:00:03  0:00:07 1024k</string>
    <string>100 10.6M  100 10.6M    0     0  2795k      0  0:00:03  0:00:03 --:--:-- 2795k</string>
  </myBuildErrors>
  <myBuildNumber>13</myBuildNumber>
  <myBuildDate>1572930245547</myBuildDate>
  <myBuildDuration>176558</myBuildDuration>
  <mySuccessfulTestResults class="empty-list"/>
</BuildResults>