<BuildResults>
  <myReasonForBuild>
    <myReason>Dependency build</myReason>
  </myReasonForBuild>
  <myBuildState>
    <myState>Successful</myState>
  </myBuildState>
  <myBuildErrors class="com.atlassian.bamboo.collections.message.FinalArrayList">
    <string>@@@@@@@@@@@@@@@@@@@@@@@@@@@@@@@@@@@@@@@@@@@@@@@@@@@@@@@@@@@</string>
    <string>@       WARNING: POSSIBLE DNS SPOOFING DETECTED!          @</string>
    <string>@@@@@@@@@@@@@@@@@@@@@@@@@@@@@@@@@@@@@@@@@@@@@@@@@@@@@@@@@@@</string>
    <string>The ECDSA host key for bamboochefcentosphp.zippyops.com has changed,</string>
    <string>and the key for the corresponding IP address 192.168.2.70</string>
    <string>has a different value. This could either mean that</string>
    <string>DNS SPOOFING is happening or the IP address for the host</string>
    <string>and its host key have changed at the same time.</string>
    <string>Offending key for IP in /root/.ssh/known_hosts:28</string>
    <string>@@@@@@@@@@@@@@@@@@@@@@@@@@@@@@@@@@@@@@@@@@@@@@@@@@@@@@@@@@@</string>
    <string>@    WARNING: REMOTE HOST IDENTIFICATION HAS CHANGED!     @</string>
    <string>@@@@@@@@@@@@@@@@@@@@@@@@@@@@@@@@@@@@@@@@@@@@@@@@@@@@@@@@@@@</string>
    <string>IT IS POSSIBLE THAT SOMEONE IS DOING SOMETHING NASTY!</string>
    <string>Someone could be eavesdropping on you right now (man-in-the-middle attack)!</string>
    <string>It is also possible that a host key has just been changed.</string>
    <string>The fingerprint for the ECDSA key sent by the remote host is</string>
    <string>SHA256:klQL4EoTMBGvcH4DgRKKpeit9msyaPcOA9YbM+7oEvg.</string>
    <string>Please contact your system administrator.</string>
    <string>Add correct host key in /root/.ssh/known_hosts to get rid of this message.</string>
    <string>Offending ECDSA key in /root/.ssh/known_hosts:14</string>
    <string>Password authentication is disabled to avoid man-in-the-middle attacks.</string>
    <string>Keyboard-interactive authentication is disabled to avoid man-in-the-middle attacks.</string>
    <string>  % Total    % Received % Xferd  Average Speed   Time    Time     Time  Current</string>
    <string>                                 Dload  Upload   Total   Spent    Left  Speed</string>
    <string></string>
    <string>  0     0    0     0    0     0      0      0 --:--:-- --:--:-- --:--:--     0</string>
    <string>  0     0    0     0    0     0      0      0 --:--:-- --:--:-- --:--:--     0</string>
    <string>  0     0    0     0    0     0      0      0 --:--:--  0:00:01 --:--:--     0</string>
    <string>  1 10.6M    1  175k    0     0  82208      0  0:02:16  0:00:02  0:02:14 82218</string>
    <string> 27 10.6M   27 3023k    0     0   950k      0  0:00:11  0:00:03  0:00:08  949k</string>
    <string> 41 10.6M   41 4527k    0     0   990k      0  0:00:11  0:00:04  0:00:07  990k</string>
    <string> 41 10.6M   41 4559k    0     0   857k      0  0:00:12  0:00:05  0:00:07  951k</string>
    <string> 56 10.6M   56 6159k    0     0   981k      0  0:00:11  0:00:06  0:00:05 1234k</string>
    <string>100 10.6M  100 10.6M    0     0  1561k      0  0:00:07  0:00:07 --:--:-- 2234k</string>
  </myBuildErrors>
  <myBuildNumber>10</myBuildNumber>
  <myBuildDate>1572884990242</myBuildDate>
  <myBuildDuration>464043</myBuildDuration>
  <mySuccessfulTestResults class="empty-list"/>
</BuildResults>