<BuildResults>
  <myReasonForBuild>
    <myReason>Manual build</myReason>
  </myReasonForBuild>
  <myBuildState>
    <myState>Successful</myState>
  </myBuildState>
  <myBuildErrors class="com.atlassian.bamboo.collections.message.FinalArrayList">
    <string>Warning: Permanently added &apos;bamboochefubuntunodejs.zippyops.com,192.168.2.87&apos; (ECDSA) to the list of known hosts.</string>
  </myBuildErrors>
  <myBuildNumber>1</myBuildNumber>
  <myBuildDate>1570167285629</myBuildDate>
  <myBuildDuration>5797</myBuildDuration>
  <mySuccessfulTestResults class="empty-list"/>
</BuildResults>