<BuildResults>
  <myReasonForBuild>
    <myReason>Manual build</myReason>
  </myReasonForBuild>
  <myBuildState>
    <myState>Successful</myState>
  </myBuildState>
  <myBuildErrors class="com.atlassian.bamboo.collections.message.FinalArrayList">
    <string> [WARNING]: While constructing a mapping from /etc/ansible/workspace/Ansible-</string>
    <string>php-wordpress-playbook/centos.yml, line 6, column 5, found a duplicate dict key</string>
    <string>(command). Using last defined value only.</string>
    <string> [WARNING]: Could not find aptitude. Using apt-get instead</string>
    <string> [WARNING]: Chocolatey was missing from this system, so it was installed during</string>
    <string>this task run.</string>
  </myBuildErrors>
  <myBuildNumber>15</myBuildNumber>
  <myBuildDate>1565592964524</myBuildDate>
  <myBuildDuration>568647</myBuildDuration>
  <mySuccessfulTestResults class="empty-list"/>
</BuildResults>