<BuildResults>
  <myReasonForBuild>
    <myReason>Code has changed</myReason>
  </myReasonForBuild>
  <myBuildState>
    <myState>Successful</myState>
  </myBuildState>
  <myBuildErrors class="com.atlassian.bamboo.collections.message.FinalArrayList">
    <string>@@@@@@@@@@@@@@@@@@@@@@@@@@@@@@@@@@@@@@@@@@@@@@@@@@@@@@@@@@@</string>
    <string>@    WARNING: REMOTE HOST IDENTIFICATION HAS CHANGED!     @</string>
    <string>@@@@@@@@@@@@@@@@@@@@@@@@@@@@@@@@@@@@@@@@@@@@@@@@@@@@@@@@@@@</string>
    <string>IT IS POSSIBLE THAT SOMEONE IS DOING SOMETHING NASTY!</string>
    <string>Someone could be eavesdropping on you right now (man-in-the-middle attack)!</string>
    <string>It is also possible that a host key has just been changed.</string>
    <string>The fingerprint for the RSA key sent by the remote host is</string>
    <string>SHA256:I0fqSc42DAoFPOVrOMUXCWTS05Q+XLVNDm7WZDuTBsQ.</string>
    <string>Please contact your system administrator.</string>
    <string>Add correct host key in /home/bamboo/.ssh/known_hosts to get rid of this message.</string>
    <string>Offending RSA key in /home/bamboo/.ssh/known_hosts:1</string>
    <string>Password authentication is disabled to avoid man-in-the-middle attacks.</string>
    <string>Keyboard-interactive authentication is disabled to avoid man-in-the-middle attacks.</string>
    <string> [WARNING]: While constructing a mapping from /etc/ansible/bamboo/Ansible-php-</string>
    <string>wordpress-playbook/centos.yml, line 6, column 5, found a duplicate dict key</string>
    <string>(command). Using last defined value only.</string>
    <string>@@@@@@@@@@@@@@@@@@@@@@@@@@@@@@@@@@@@@@@@@@@@@@@@@@@@@@@@@@@</string>
    <string>@    WARNING: REMOTE HOST IDENTIFICATION HAS CHANGED!     @</string>
    <string>@@@@@@@@@@@@@@@@@@@@@@@@@@@@@@@@@@@@@@@@@@@@@@@@@@@@@@@@@@@</string>
    <string>IT IS POSSIBLE THAT SOMEONE IS DOING SOMETHING NASTY!</string>
    <string>Someone could be eavesdropping on you right now (man-in-the-middle attack)!</string>
    <string>It is also possible that a host key has just been changed.</string>
    <string>The fingerprint for the RSA key sent by the remote host is</string>
    <string>SHA256:I0fqSc42DAoFPOVrOMUXCWTS05Q+XLVNDm7WZDuTBsQ.</string>
    <string>Please contact your system administrator.</string>
    <string>Add correct host key in /home/bamboo/.ssh/known_hosts to get rid of this message.</string>
    <string>Offending RSA key in /home/bamboo/.ssh/known_hosts:1</string>
    <string>Password authentication is disabled to avoid man-in-the-middle attacks.</string>
    <string>Keyboard-interactive authentication is disabled to avoid man-in-the-middle attacks.</string>
    <string> [WARNING]: Could not find aptitude. Using apt-get instead</string>
    <string>@@@@@@@@@@@@@@@@@@@@@@@@@@@@@@@@@@@@@@@@@@@@@@@@@@@@@@@@@@@</string>
    <string>@    WARNING: REMOTE HOST IDENTIFICATION HAS CHANGED!     @</string>
    <string>@@@@@@@@@@@@@@@@@@@@@@@@@@@@@@@@@@@@@@@@@@@@@@@@@@@@@@@@@@@</string>
    <string>IT IS POSSIBLE THAT SOMEONE IS DOING SOMETHING NASTY!</string>
    <string>Someone could be eavesdropping on you right now (man-in-the-middle attack)!</string>
    <string>It is also possible that a host key has just been changed.</string>
    <string>The fingerprint for the RSA key sent by the remote host is</string>
    <string>SHA256:I0fqSc42DAoFPOVrOMUXCWTS05Q+XLVNDm7WZDuTBsQ.</string>
    <string>Please contact your system administrator.</string>
    <string>Add correct host key in /home/bamboo/.ssh/known_hosts to get rid of this message.</string>
    <string>Offending RSA key in /home/bamboo/.ssh/known_hosts:1</string>
    <string>Password authentication is disabled to avoid man-in-the-middle attacks.</string>
    <string>Keyboard-interactive authentication is disabled to avoid man-in-the-middle attacks.</string>
    <string> [WARNING]: Chocolatey was missing from this system, so it was installed during</string>
    <string>this task run.</string>
    <string>@@@@@@@@@@@@@@@@@@@@@@@@@@@@@@@@@@@@@@@@@@@@@@@@@@@@@@@@@@@</string>
    <string>@    WARNING: REMOTE HOST IDENTIFICATION HAS CHANGED!     @</string>
    <string>@@@@@@@@@@@@@@@@@@@@@@@@@@@@@@@@@@@@@@@@@@@@@@@@@@@@@@@@@@@</string>
    <string>IT IS POSSIBLE THAT SOMEONE IS DOING SOMETHING NASTY!</string>
    <string>Someone could be eavesdropping on you right now (man-in-the-middle attack)!</string>
    <string>It is also possible that a host key has just been changed.</string>
    <string>The fingerprint for the RSA key sent by the remote host is</string>
    <string>SHA256:I0fqSc42DAoFPOVrOMUXCWTS05Q+XLVNDm7WZDuTBsQ.</string>
    <string>Please contact your system administrator.</string>
    <string>Add correct host key in /home/bamboo/.ssh/known_hosts to get rid of this message.</string>
    <string>Offending RSA key in /home/bamboo/.ssh/known_hosts:1</string>
    <string>Password authentication is disabled to avoid man-in-the-middle attacks.</string>
    <string>Keyboard-interactive authentication is disabled to avoid man-in-the-middle attacks.</string>
    <string>@@@@@@@@@@@@@@@@@@@@@@@@@@@@@@@@@@@@@@@@@@@@@@@@@@@@@@@@@@@</string>
    <string>@    WARNING: REMOTE HOST IDENTIFICATION HAS CHANGED!     @</string>
    <string>@@@@@@@@@@@@@@@@@@@@@@@@@@@@@@@@@@@@@@@@@@@@@@@@@@@@@@@@@@@</string>
    <string>IT IS POSSIBLE THAT SOMEONE IS DOING SOMETHING NASTY!</string>
    <string>Someone could be eavesdropping on you right now (man-in-the-middle attack)!</string>
    <string>It is also possible that a host key has just been changed.</string>
    <string>The fingerprint for the RSA key sent by the remote host is</string>
    <string>SHA256:I0fqSc42DAoFPOVrOMUXCWTS05Q+XLVNDm7WZDuTBsQ.</string>
    <string>Please contact your system administrator.</string>
    <string>Add correct host key in /home/bamboo/.ssh/known_hosts to get rid of this message.</string>
    <string>Offending RSA key in /home/bamboo/.ssh/known_hosts:1</string>
    <string>Password authentication is disabled to avoid man-in-the-middle attacks.</string>
    <string>Keyboard-interactive authentication is disabled to avoid man-in-the-middle attacks.</string>
  </myBuildErrors>
  <myBuildNumber>17</myBuildNumber>
  <myBuildDate>1567509279770</myBuildDate>
  <myBuildDuration>1492133</myBuildDuration>
  <mySuccessfulTestResults class="empty-list"/>
</BuildResults>