<BuildResults>
  <myReasonForBuild>
    <myReason>Manual build</myReason>
  </myReasonForBuild>
  <myBuildState>
    <myState>Failed</myState>
  </myBuildState>
  <myBuildErrors class="com.atlassian.bamboo.collections.message.FinalArrayList">
    <string>Could not find test result reports in the /var/atlassian/application/bamboo/xml-data/build-dir/ANS-AN-JOB1 directory.</string>
  </myBuildErrors>
  <myBuildNumber>2</myBuildNumber>
  <myBuildDate>1565165198155</myBuildDate>
  <myBuildDuration>1273</myBuildDuration>
  <mySuccessfulTestResults/>
</BuildResults>