<BuildResults>
  <myReasonForBuild>
    <myReason>Code has changed</myReason>
  </myReasonForBuild>
  <myBuildState>
    <myState>Successful</myState>
  </myBuildState>
  <myBuildErrors class="com.atlassian.bamboo.collections.message.FinalArrayList">
    <string> [WARNING]: While constructing a mapping from /etc/ansible/workspace/Ansible-</string>
    <string>php-wordpress-playbook/centos.yml, line 6, column 5, found a duplicate dict key</string>
    <string>(command). Using last defined value only.</string>
    <string> [WARNING]: Could not find aptitude. Using apt-get instead</string>
  </myBuildErrors>
  <myBuildNumber>16</myBuildNumber>
  <myBuildDate>1565593575651</myBuildDate>
  <myBuildDuration>99190</myBuildDuration>
  <mySuccessfulTestResults class="empty-list"/>
</BuildResults>