<BuildResults>
  <myReasonForBuild>
    <myReason>Manual build</myReason>
  </myReasonForBuild>
  <myBuildState>
    <myState>Successful</myState>
  </myBuildState>
  <myBuildErrors class="com.atlassian.bamboo.collections.message.FinalArrayList">
    <string>No clients match the expression /bamboochefubuntuphp/</string>
  </myBuildErrors>
  <myBuildNumber>3</myBuildNumber>
  <myBuildDate>1570606682586</myBuildDate>
  <myBuildDuration>105738</myBuildDuration>
  <mySuccessfulTestResults class="empty-list"/>
</BuildResults>