<BuildResults>
  <myReasonForBuild>
    <myReason>Manual build</myReason>
  </myReasonForBuild>
  <myBuildState>
    <myState>Successful</myState>
  </myBuildState>
  <myBuildErrors class="com.atlassian.bamboo.collections.message.FinalArrayList">
    <string>WARN: Unresolved specs during Gem::Specification.reset:</string>
    <string>      facter (&lt; 4, &gt;= 2.0.1)</string>
    <string>WARN: Clearing out unresolved specs.</string>
    <string>Please report a bug if this causes problems.</string>
    <string>&#x1b;[1;31mError:     Could not find files to clean for pepuppetcentosbamboojava.zippyops.com&#x1b;[0m</string>
    <string>&#x1b;[1;31mError:     Could not find files to clean for pepuppetubuntubamboojava.zippyops.com&#x1b;[0m</string>
    <string>&#x1b;[1;31mError:     Could not find files to clean for bam-pepuppet-ja.openstacklocal&#x1b;[0m</string>
    <string>WARN: Unresolved specs during Gem::Specification.reset:</string>
    <string>      facter (&lt; 4, &gt;= 2.0.1)</string>
    <string>WARN: Clearing out unresolved specs.</string>
    <string>Please report a bug if this causes problems.</string>
    <string>&#x1b;[1;31mError:     Could not find files to clean for pepuppetcentosbamboojava.zippyops.com&#x1b;[0m</string>
    <string>&#x1b;[1;31mError:     Could not find files to clean for pepuppetubuntubamboojava.zippyops.com&#x1b;[0m</string>
    <string>&#x1b;[1;31mError:     Could not find files to clean for bam-pepuppet-ja.openstacklocal&#x1b;[0m</string>
  </myBuildErrors>
  <myBuildNumber>11</myBuildNumber>
  <myBuildDate>1571996481883</myBuildDate>
  <myBuildDuration>4917</myBuildDuration>
  <mySuccessfulTestResults class="empty-list"/>
</BuildResults>