<BuildResults>
  <myReasonForBuild>
    <myReason>Manual build</myReason>
  </myReasonForBuild>
  <myBuildState>
    <myState>Failed</myState>
  </myBuildState>
  <myBuildErrors class="com.atlassian.bamboo.collections.message.FinalArrayList">
    <string>Error:</string>
    <string>    Could not find files to clean for puppetcentosbamboojava.zippyops.com</string>
    <string>Error:</string>
    <string>    Could not find files to clean for puppetubuntubamboojava.zippyops.com</string>
  </myBuildErrors>
  <myBuildNumber>6</myBuildNumber>
  <myBuildDate>1571040160095</myBuildDate>
  <myBuildDuration>470</myBuildDuration>
  <mySuccessfulTestResults class="empty-list"/>
</BuildResults>