<BuildResults>
  <myReasonForBuild>
    <myReason>Manual build</myReason>
  </myReasonForBuild>
  <myBuildState>
    <myState>Successful</myState>
  </myBuildState>
  <myBuildErrors class="com.atlassian.bamboo.collections.message.FinalArrayList">
    <string>Could not find test result reports in the /var/atlassian/application/bamboo/xml-data/build-dir/WEB-AN-JOB1 directory.</string>
  </myBuildErrors>
  <myBuildNumber>18</myBuildNumber>
  <myBuildDate>1569395279829</myBuildDate>
  <myBuildDuration>2965</myBuildDuration>
  <mySuccessfulTestResults/>
</BuildResults>