<BuildResults>
  <myReasonForBuild>
    <myReason>Manual build</myReason>
  </myReasonForBuild>
  <myBuildState>
    <myState>Successful</myState>
  </myBuildState>
  <myBuildErrors class="com.atlassian.bamboo.collections.message.FinalArrayList">
    <string>Could not find test result reports in the /var/atlassian/application/bamboo/xml-data/build-dir/WEB-AN-JOB1 directory.</string>
    <string>@@@@@@@@@@@@@@@@@@@@@@@@@@@@@@@@@@@@@@@@@@@@@@@@@@@@@@@@@@@</string>
    <string>@    WARNING: REMOTE HOST IDENTIFICATION HAS CHANGED!     @</string>
    <string>@@@@@@@@@@@@@@@@@@@@@@@@@@@@@@@@@@@@@@@@@@@@@@@@@@@@@@@@@@@</string>
    <string>IT IS POSSIBLE THAT SOMEONE IS DOING SOMETHING NASTY!</string>
    <string>Someone could be eavesdropping on you right now (man-in-the-middle attack)!</string>
    <string>It is also possible that a host key has just been changed.</string>
    <string>The fingerprint for the RSA key sent by the remote host is</string>
    <string>SHA256:I0fqSc42DAoFPOVrOMUXCWTS05Q+XLVNDm7WZDuTBsQ.</string>
    <string>Please contact your system administrator.</string>
    <string>Add correct host key in /home/bamboo/.ssh/known_hosts to get rid of this message.</string>
    <string>Offending RSA key in /home/bamboo/.ssh/known_hosts:1</string>
    <string>Password authentication is disabled to avoid man-in-the-middle attacks.</string>
    <string>Keyboard-interactive authentication is disabled to avoid man-in-the-middle attacks.</string>
    <string> [WARNING]: Invalid characters were found in group names but not replaced, use</string>
    <string>-vvvv to see details</string>
    <string> [WARNING]:  * Failed to parse /etc/ansible/hosts with yaml plugin: Syntax</string>
    <string>Error while loading YAML.   did not find expected &lt;document start&gt;  The error</string>
    <string>appears to be in &apos;/etc/ansible/hosts&apos;: line 27, column 1, but may be elsewhere</string>
    <string>in the file depending on the exact syntax problem.  The offending line appears</string>
    <string>to be:  [elk-master] 192.168.2.27 ^ here</string>
    <string> [WARNING]:  * Failed to parse /etc/ansible/hosts with ini plugin:</string>
    <string>/etc/ansible/hosts:61: Expected key=value, got: 192.168.1.131</string>
    <string> [WARNING]: Unable to parse /etc/ansible/hosts as an inventory source</string>
    <string> [WARNING]: No inventory was parsed, only implicit localhost is available</string>
    <string> [WARNING]: provided hosts list is empty, only localhost is available. Note</string>
    <string>that the implicit localhost does not match &apos;all&apos;</string>
    <string> [WARNING]: Could not match supplied host pattern, ignoring: weblogic</string>
  </myBuildErrors>
  <myBuildNumber>5</myBuildNumber>
  <myBuildDate>1567582208247</myBuildDate>
  <myBuildDuration>18164</myBuildDuration>
  <mySuccessfulTestResults/>
</BuildResults>