<BuildResults>
  <myReasonForBuild>
    <myReason>Dependency build</myReason>
  </myReasonForBuild>
  <myBuildState>
    <myState>Successful</myState>
  </myBuildState>
  <myBuildErrors class="com.atlassian.bamboo.collections.message.FinalArrayList">
    <string>@@@@@@@@@@@@@@@@@@@@@@@@@@@@@@@@@@@@@@@@@@@@@@@@@@@@@@@@@@@</string>
    <string>@       WARNING: POSSIBLE DNS SPOOFING DETECTED!          @</string>
    <string>@@@@@@@@@@@@@@@@@@@@@@@@@@@@@@@@@@@@@@@@@@@@@@@@@@@@@@@@@@@</string>
    <string>The ECDSA host key for bamboochefubuntuphp.zippyops.com has changed,</string>
    <string>and the key for the corresponding IP address 192.168.2.61</string>
    <string>is unknown. This could either mean that</string>
    <string>DNS SPOOFING is happening or the IP address for the host</string>
    <string>and its host key have changed at the same time.</string>
    <string>@@@@@@@@@@@@@@@@@@@@@@@@@@@@@@@@@@@@@@@@@@@@@@@@@@@@@@@@@@@</string>
    <string>@    WARNING: REMOTE HOST IDENTIFICATION HAS CHANGED!     @</string>
    <string>@@@@@@@@@@@@@@@@@@@@@@@@@@@@@@@@@@@@@@@@@@@@@@@@@@@@@@@@@@@</string>
    <string>IT IS POSSIBLE THAT SOMEONE IS DOING SOMETHING NASTY!</string>
    <string>Someone could be eavesdropping on you right now (man-in-the-middle attack)!</string>
    <string>It is also possible that a host key has just been changed.</string>
    <string>The fingerprint for the ECDSA key sent by the remote host is</string>
    <string>SHA256:kEFecL6jzDucqHrEdUolz3+xB+lVlGyqOOI9+v6eht4.</string>
    <string>Please contact your system administrator.</string>
    <string>Add correct host key in /root/.ssh/known_hosts to get rid of this message.</string>
    <string>Offending ECDSA key in /root/.ssh/known_hosts:17</string>
    <string>Password authentication is disabled to avoid man-in-the-middle attacks.</string>
    <string>Keyboard-interactive authentication is disabled to avoid man-in-the-middle attacks.</string>
    <string>  % Total    % Received % Xferd  Average Speed   Time    Time     Time  Current</string>
    <string>                                 Dload  Upload   Total   Spent    Left  Speed</string>
    <string></string>
    <string>  0     0    0     0    0     0      0      0 --:--:-- --:--:-- --:--:--     0</string>
    <string>  0     0    0     0    0     0      0      0 --:--:-- --:--:-- --:--:--     0</string>
    <string>  0     0    0     0    0     0      0      0 --:--:--  0:00:01 --:--:--     0</string>
    <string>  0     0    0     0    0     0      0      0 --:--:--  0:00:02 --:--:--     0</string>
    <string>  0     0    0     0    0     0      0      0 --:--:--  0:00:03 --:--:--     0</string>
    <string>  0 10.6M    0 15972    0     0   3628      0  0:51:26  0:00:04  0:51:22  3628</string>
    <string>  3 10.6M    3  335k    0     0  64231      0  0:02:54  0:00:05  0:02:49 71031</string>
    <string> 40 10.6M   40 4479k    0     0   705k      0  0:00:15  0:00:06  0:00:09  926k</string>
    <string>100 10.6M  100 10.6M    0     0  1582k      0  0:00:06  0:00:06 --:--:-- 2487k</string>
    <string>@@@@@@@@@@@@@@@@@@@@@@@@@@@@@@@@@@@@@@@@@@@@@@@@@@@@@@@@@@@</string>
    <string>@       WARNING: POSSIBLE DNS SPOOFING DETECTED!          @</string>
    <string>@@@@@@@@@@@@@@@@@@@@@@@@@@@@@@@@@@@@@@@@@@@@@@@@@@@@@@@@@@@</string>
    <string>The ECDSA host key for bamboochefubuntuphp.zippyops.com has changed,</string>
    <string>and the key for the corresponding IP address 192.168.2.61</string>
    <string>is unknown. This could either mean that</string>
    <string>DNS SPOOFING is happening or the IP address for the host</string>
    <string>and its host key have changed at the same time.</string>
    <string>@@@@@@@@@@@@@@@@@@@@@@@@@@@@@@@@@@@@@@@@@@@@@@@@@@@@@@@@@@@</string>
    <string>@    WARNING: REMOTE HOST IDENTIFICATION HAS CHANGED!     @</string>
    <string>@@@@@@@@@@@@@@@@@@@@@@@@@@@@@@@@@@@@@@@@@@@@@@@@@@@@@@@@@@@</string>
    <string>IT IS POSSIBLE THAT SOMEONE IS DOING SOMETHING NASTY!</string>
    <string>Someone could be eavesdropping on you right now (man-in-the-middle attack)!</string>
    <string>It is also possible that a host key has just been changed.</string>
    <string>The fingerprint for the ECDSA key sent by the remote host is</string>
    <string>SHA256:kEFecL6jzDucqHrEdUolz3+xB+lVlGyqOOI9+v6eht4.</string>
    <string>Please contact your system administrator.</string>
    <string>Add correct host key in /root/.ssh/known_hosts to get rid of this message.</string>
    <string>Offending ECDSA key in /root/.ssh/known_hosts:17</string>
    <string>Password authentication is disabled to avoid man-in-the-middle attacks.</string>
    <string>Keyboard-interactive authentication is disabled to avoid man-in-the-middle attacks.</string>
  </myBuildErrors>
  <myBuildNumber>4</myBuildNumber>
  <myBuildDate>1570618214688</myBuildDate>
  <myBuildDuration>722496</myBuildDuration>
  <mySuccessfulTestResults class="empty-list"/>
</BuildResults>