<BuildResults>
  <myReasonForBuild>
    <myReason>Dependency build</myReason>
  </myReasonForBuild>
  <myBuildState>
    <myState>Failed</myState>
  </myBuildState>
  <myBuildErrors class="com.atlassian.bamboo.collections.message.FinalArrayList">
    <string>Warning: Permanently added &apos;bamboochefubuntuphp.zippyops.com,192.168.2.17&apos; (ECDSA) to the list of known hosts.</string>
    <string>  % Total    % Received % Xferd  Average Speed   Time    Time     Time  Current</string>
    <string>                                 Dload  Upload   Total   Spent    Left  Speed</string>
    <string></string>
    <string>  0     0    0     0    0     0      0      0 --:--:-- --:--:-- --:--:--     0</string>
    <string>  0     0    0     0    0     0      0      0 --:--:-- --:--:-- --:--:--     0</string>
    <string>  0     0    0     0    0     0      0      0 --:--:--  0:00:01 --:--:--     0</string>
    <string>  0 10.6M    0 48740    0     0  22662      0  0:08:14  0:00:02  0:08:12 22659</string>
    <string>  5 10.6M    5  655k    0     0   215k      0  0:00:50  0:00:03  0:00:47  215k</string>
    <string> 77 10.6M   77 8495k    0     0  2099k      0  0:00:05  0:00:04  0:00:01 2099k</string>
    <string>100 10.6M  100 10.6M    0     0  2574k      0  0:00:04  0:00:04 --:--:-- 2613k</string>
  </myBuildErrors>
  <myBuildNumber>1</myBuildNumber>
  <myBuildDate>1570608090745</myBuildDate>
  <myBuildDuration>543706</myBuildDuration>
  <mySuccessfulTestResults class="empty-list"/>
</BuildResults>